Workbook

Sheet Indices de Tabelas
A1: Tabela Casa 7 | B1: Percentual | C1: Multiplicador
A2: Tabela RS, SC, PR | B2: 0.07 | C2: =(1+B2) -> 1.07

Sheet Tabela Base Casa 7 Brasil
A3: TABELA COMERCIAL CASA 7 - VÁLIDA A PARTIR DE 01/10/2020
A5: Mesas de Jantar
A7: 7MJT003 MESA DE JANTAR SPIN
B8: Acabamento Tampo | C8: Larg. | E8: Prof. | G8: Alt. | I8: Tabela
B9: Madeirado / Envidraçado Reto | C9: 1.2 | D9: X | E9: 0.9 | F9: X | G9: 0.78 | I9: 1061.8966
B10: Madeirado / Envidraçado Reto | C10: 1.4 | D10: X | E10: 0.9 | F10: X | G10: 0.78 | I10: 1112.9891
B11: Madeirado / Envidraçado Reto | C11: 1.35 | D11: X | E11: 1.35 | F11: X | G11: 0.78 | I11: 1401.593
B12: Madeirado / Envidraçado Moeda OU Copo | C12: 1.2 | D12: X | E12: 0.9 | F12: X | G12: 0.78 | I12: 1093.6568
B13: Madeirado / Envidraçado Moeda OU Copo | C13: 1.4 | D13: X | E13: 0.9 | F13: X | G13: 0.78 | I13: 1158.5581
B14: Madeirado / Envidraçado Moeda OU Copo | C14: 1.35 | D14: X | E14: 1.35 | F14: X | G14: 0.78 | I14: 1528.6339
B15: Madeirado / Envidraçado Barril | C15: 1.2 | D15: X | E15: 0.9 | F15: X | G15: 0.78 | I15: 1093.6568
B16: Madeirado / Envidraçado Redonda | C16: 1 | D16: X | E16: 1 | F16: X | G16: 0.78 | I16: 1086.7524
B17: Madeirado / Envidraçado Redonda | C17: 1.3 | D17: X | E17: 1.3 | F17: X | G17: 0.78 | I17: 1347.7387
A19: 7MJT005 MESA DE JANTAR TURN
B20: Acabamento Tampo | C20: Larg. | E20: Prof. | G20: Alt. | I20: Tabela
B21: Madeirado / Envidraçado Reto | C21: 1.2 | D21: X | E21: 0.9 | F21: X | G21: 0.78 | I21: 1143.3685
B22: Madeirado / Envidraçado Reto | C22: 1.4 | D22: X | E22: 0.9 | F22: X | G22: 0.78 | I22: 1193.0801
B23: Madeirado / Envidraçado Reto | C23: 1.6 | D23: X | E23: 1 | F23: X | G23: 0.78 | I23: 1343.596
B24: Madeirado / Envidraçado Reto | C24: 1.8 | D24: X | E24: 1 | F24: X | G24: 0.78 | I24: 1400.2121
B25: Madeirado / Envidraçado Reto | C25: 2 | D25: X | E25: 1 | F25: X | G25: 0.78 | I25: 1459.5899
B26: Madeirado / Envidraçado Reto | C26: 2.2 | D26: X | E26: 1.1 | F26: X | G26: 0.78 | I26: 1651.5322
B27: Madeirado / Envidraçado Reto | C27: 1.35 | D27: X | E27: 1.35 | F27: X | G27: 0.78 | I27: 1398.8312
B28: Madeirado / Envidraçado Moeda OU Copo | C28: 1.2 | D28: X | E28: 0.9 | F28: X | G28: 0.78 | I28: 1173.7478
B29: Madeirado / Envidraçado Moeda OU Copo | C29: 1.4 | D29: X | E29: 0.9 | F29: X | G29: 0.78 | I29: 1228.983
B30: Madeirado / Envidraçado Moeda OU Copo | C30: 1.6 | D30: X | E30: 1 | F30: X | G30: 0.78 | I30: 1389.1651
B31: Madeirado / Envidraçado Moeda OU Copo | C31: 1.8 | D31: X | E31: 1 | F31: X | G31: 0.78 | I31: 1474.7796
B32: Madeirado / Envidraçado Moeda OU Copo | C32: 2 | D32: X | E32: 1 | F32: X | G32: 0.78 | I32: 1539.681
B33: Madeirado / Envidraçado Moeda OU Copo | C33: 2.2 | D33: X | E33: 1.1 | F33: X | G33: 0.78 | H33: 0.78 | I33: 1818.6187
B34: Madeirado / Envidraçado Moeda OU Copo | C34: 1.35 | D34: X | E34: 1.35 | F34: X | G34: 0.78 | I34: 1524.4913
B35: Madeirado / Envidraçado Barril | C35: 1.2 | D35: X | E35: 0.9 | F35: X | G35: 0.78 | I35: 1173.7478
B36: Madeirado / Envidraçado Barril | C36: 1.8 | D36: X | E36: 1 | F36: X | G36: 0.78 | I36: 1474.7796
A38: 7MJT015 MESA DE JANTAR MONARCA
B39: Acabamento Tampo | C39: Larg. | E39: Prof. | G39: Alt. | I39: Tabela
B40: Madeirado / Envidraçado Redondo | C40: 1.2 | D40: X | E40: 1.2 | F40: X | G40: 0.78 | I40: 1639.1043
B41: Madeirado / Envidraçado Redondo | C41: 1.3 | D41: X | E41: 1.3 | F41: X | G41: 0.78 | I41: 1705.3865
B42: Madeirado / Envidraçado Redondo | C42: 1.5 | D42: X | E42: 1.5 | F42: X | G42: 0.78 | I42: 1969.1346
A44: 7MJT016 MESA DE JANTAR DIAMANTE
B45: Acabamento Tampo | C45: Larg. | E45: Prof. | G45: Alt. | I45: Tabela
B46: Madeirado / Envidraçado Reto | C46: 1.8 | D46: X | E46: 1 | F46: X | G46: 0.78 | I46: 1554.8706
B47: Madeirado / Envidraçado Reto | C47: 2 | D47: X | E47: 1 | F47: X | G47: 0.78 | I47: 1695.7204
B48: Madeirado / Envidraçado Reto | C48: 2.2 | D48: X | E48: 1 | F48: X | G48: 0.78 | I48: 1847.6172
B49: Madeirado / Envidraçado Reto | C49: 2.4 | D49: X | E49: 1.2 | F49: X | G49: 0.78 | I49: 2064.4153
B50: Madeirado / Envidraçado Reto | C50: 2.6 | D50: X | E50: 1.2 | F50: X | G50: 0.78 | I50: 2270.1664
B51: Madeirado / Envidraçado Reto | C51: 2.73 | D51: X | E51: 1.2 | F51: X | G51: 0.78 | I51: 2550.485
B52: Madeirado / Envidraçado Moeda OU Copo | C52: 1.8 | D52: X | E52: 1 | F52: X | G52: 0.78 | I52: 1648.7705
B53: Madeirado / Envidraçado Moeda OU Copo | C53: 2 | D53: X | E53: 1 | F53: X | G53: 0.78 | I53: 1796.5246
B54: Madeirado / Envidraçado Moeda OU Copo | C54: 2.2 | D54: X | E54: 1 | F54: X | G54: 0.78 | I54: 1959.4684
B55: Madeirado / Envidraçado Moeda OU Copo | C55: 2.4 | D55: X | E55: 1.2 | F55: X | G55: 0.78 | I55: 2238.4061
B56: Madeirado / Envidraçado Moeda OU Copo | C56: 2.6 | D56: X | E56: 1.2 | F56: X | G56: 0.78 | I56: 2520.1056
B57: Madeirado / Envidraçado Moeda OU Copo | C57: 2.73 | D57: X | E57: 1.2 | F57: X | G57: 0.78 | I57: 2794.9007
A59: 7MJT013 MESA DE JANTAR STYLUS
B60: Acabamento Tampo | C60: Larg. | E60: Prof. | G60: Alt. | I60: Tabela
B61: Madeirado / Envidraçado Reto | C61: 1.8 | D61: X | E61: 1 | F61: X | G61: 0.78 | I61: 1880.7583
B62: Madeirado / Envidraçado Reto | C62: 2 | D62: X | E62: 1 | F62: X | G62: 0.78 | I62: 2038.1786
B63: Madeirado / Envidraçado Reto | C63: 2.2 | D63: X | E63: 1 | F63: X | G63: 0.78 | I63: 2440.0146
B64: Madeirado / Envidraçado Reto | C64: 2.4 | D64: X | E64: 1.2 | F64: X | G64: 0.78 | I64: 2663.7171
B65: Madeirado / Envidraçado Reto | C65: 2.6 | D65: X | E65: 1.2 | F65: X | G65: 0.78 | I65: 2939.8931
B66: Madeirado / Envidraçado Reto | C66: 2.73 | D66: X | E66: 1.2 | F66: X | G66: 0.78 | I66: 3209.1646
B67: Madeirado / Envidraçado Moeda OU Copo | C67: 1.8 | D67: X | E67: 1 | F67: X | G67: 0.78 | I67: 2277.0708
B68: Madeirado / Envidraçado Moeda OU Copo | C68: 2 | D68: X | E68: 1 | F68: X | G68: 0.78 | I68: 2401.3499
B69: Madeirado / Envidraçado Moeda OU Copo | C69: 2.2 | D69: X | E69: 1 | F69: X | G69: 0.78 | I69: 2623.6716
B70: Madeirado / Envidraçado Moeda OU Copo | C70: 2.4 | D70: X | E70: 1.2 | F70: X | G70: 0.78 | I70: 2623.6716
B71: Madeirado / Envidraçado Moeda OU Copo | C71: 2.6 | D71: X | E71: 1.2 | F71: X | G71: 0.78 | I71: 3000.6518
B72: Madeirado / Envidraçado Moeda OU Copo | C72: 2.73 | D72: X | E72: 1.2 | F72: X | G72: 0.78 | I72: 3272.6851
A74: 7MJT014 MESA DE JANTAR COLISEU
B75: Acabamento Tampo | C75: Larg. | E75: Prof. | G75: Alt. | I75: Tabela
B76: Madeirado / Envidraçado Reto | C76: 1.8 | D76: X | E76: 1 | F76: X | G76: 0.78 | I76: 1840.7128
B77: Madeirado / Envidraçado Reto | C77: 2 | D77: X | E77: 1 | F77: X | G77: 0.78 | I77: 2020.2271
B78: Madeirado / Envidraçado Reto | C78: 2.2 | D78: X | E78: 1 | F78: X | G78: 0.78 | I78: 2411.0161
B79: Madeirado / Envidraçado Reto | C79: 2.4 | D79: X | E79: 1.2 | F79: X | G79: 0.78 | I79: 2636.0995
B80: Madeirado / Envidraçado Reto | C80: 2.6 | D80: X | E80: 1.2 | F80: X | G80: 0.78 | I80: 2745.189
B81: Madeirado / Envidraçado Reto | C81: 2.73 | D81: X | E81: 1.2 | F81: X | G81: 0.78 | I81: 2886.0388
B82: Madeirado / Envidraçado Moeda OU Copo | C82: 1.8 | D82: X | E82: 1 | F82: X | G82: 0.78 | I82: 2239.787
B83: Madeirado / Envidraçado Moeda OU Copo | C83: 2 | D83: X | E83: 1 | F83: X | G83: 0.78 | I83: 2359.9236
B84: Madeirado / Envidraçado Moeda OU Copo | C84: 2.2 | D84: X | E84: 1 | F84: X | G84: 0.78 | I84: 2594.6731
B85: Madeirado / Envidraçado Moeda OU Copo | C85: 2.4 | D85: X | E85: 1.2 | F85: X | G85: 0.78 | I85: 2829.4227
B86: Madeirado / Envidraçado Moeda OU Copo | C86: 2.6 | D86: X | E86: 1.2 | F86: X | G86: 0.78 | I86: 2949.5592
B87: Madeirado / Envidraçado Moeda OU Copo | C87: 2.73 | D87: X | E87: 1.2 | F87: X | G87: 0.78 | I87: 3220.2117
... B89: Madeirado / Envidraçado Moeda OU Copo | C89: 1.5 | D89: X | E89: 1.5 | F89: X | G89: 0.78 | I89: 1895.9479
A91: 7MJT011 MESA DE JANTAR GRIFE
B92: Acabamento Tampo | C92: Larg. | E92: Prof. | G92: Alt. | I92: Tabela
B93: Madeirado / Envidraçado Reto | C93: 1.8 | D93: X | E93: 1 | F93: X | G93: 0.78 | I93: 1563.1559
B94: Madeirado / Envidraçado Reto | C94: 2 | D94: X | E94: 1 | F94: X | G94: 0.78 | I94: 1688.816
B95: Madeirado / Envidraçado Reto | C95: 2.2 | D95: X | E95: 1 | F95: X | G95: 0.78 | I95: 1879.3774
B96: Madeirado / Envidraçado Reto | C96: 2.4 | D96: X | E96: 1.2 | F96: X | G96: 0.78 | I96: 2184.5518
B97: Madeirado / Envidraçado Reto | C97: 2.6 | D97: X | E97: 1.2 | F97: X | G97: 0.78 | I97: 2463.4895
B98: Madeirado / Envidraçado Reto | C98: 2.73 | D98: X | E98: 1.2 | F98: X | G98: 0.78 | I98: 2739.6655
B99: Madeirado / Envidraçado Moeda OU Copo | C99: 1.8 | D99: X | E99: 1 | F99: X | G99: 0.78 | I99: 1797.9055
B100: Madeirado / Envidraçado Moeda OU Copo | C100: 2 | D100: X | E100: 1 | F100: X | G100: 0.78 | I100: 1922.1847
B101: Madeirado / Envidraçado Moeda OU Copo | C101: 2.2 | D101: X | E101: 1 | F101: X | G101: 0.78 | I101: 2143.1254
B102: Madeirado / Envidraçado Moeda OU Copo | C102: 2.4 | D102: X | E102: 1.2 | F102: X | G102: 0.78 | I102: 2306.0692
B103: Madeirado / Envidraçado Moeda OU Copo | C103: 2.6 | D103: X | E103: 1.2 | F103: X | G103: 0.78 | I103: 2521.4865
B104: Madeirado / Envidraçado Moeda OU Copo | C104: 2.73 | D104: X | E104: 1.2 | F104: X | G104: 0.78 | I104: 2797.6624
A106: 7MJT010 MESA DE JANTAR RAIZ
B107: Acabamento Tampo | C107: Larg. | E107: Prof. | G107: Alt. | I107: Tabela
B108: Madeirado / Envidraçado Reto | C108: 1.8 | D108: X | E108: 1 | F108: X | G108: 0.78 | I108: 1835.1892
B109: Madeirado / Envidraçado Reto | C109: 2 | D109: X | E109: 1 | F109: X | G109: 0.78 | I109: 1978.8007
B110: Madeirado / Envidraçado Reto | C110: 2.2 | D110: X | E110: 1 | F110: X | G110: 0.78 | I110: 2093.4138
B111: Madeirado / Envidraçado Reto | C111: 2.4 | D111: X | E111: 1.2 | F111: X | G111: 0.78 | I111: 2307.4501
B112: Madeirado / Envidraçado Reto | C112: 2.6 | D112: X | E112: 1.2 | F112: X | G112: 0.78 | I112: 2654.0509
...

Sheet Tabela Casa 7 RS
L1: Percentual desconto comercial | M1: 0.18
A3: TABELA COMERCIAL CASA 7 - VÁLIDA A PARTIR DE 01/01/2021
A5: Acrescentar 5% referente a IPI
A7: Mesas de Jantar
A9: 7MJT003 MESA DE JANTAR SPIN
B10: Acabamento Tampo | C10: Larg. | E10: Prof. | G10: Alt. | I10: Tabela | J10: Antecipado | K10: Á Vista : 21+6% | L10: 30 Dias : 21+3% | M10: 60 Dias : 21%
B11: Madeirado / Envidraçado Reto | C11: 1.2 | D11: X | E11: 0.9 | F11: X | G11: 0.78 | I11: ='Tabela Base Casa 7 Brasil'!I9*'Indices de Tabelas'!$C$2 -> 1136.2293 | J11: =ROUNDDOWN((I11*(1-$C$274)*(1-$E$274)*(1-$G$274)),0) -> 840 | K11: =I11*(1-$C$275)*(1-$E$275) -> 875.80556 | L11: =I11*(1-$C$276)*(1-$E$275) -> 875.80556 | M11: =I11*(1-$C$277) -> 931.70804
B12: Madeirado / Envidraçado Reto | C12: 1.4 | D12: X | E12: 0.9 | F12: X | G12: 0.78 | I12: ='Tabela Base Casa 7 Brasil'!I10*'Indices de Tabelas'!$C$2 -> 1190.8983 | J12: =ROUNDDOWN((I12*(1-$C$274)*(1-$E$274)*(1-$G$274)),0) -> 881 | K12: =I12*(1-$C$275)*(1-$E$275) -> 917.94444 | L12: =I12*(1-$C$276)*(1-$E$275) -> 917.94444 | M12: =I12*(1-$C$277) -> 976.53664
B13: Madeirado / Envidraçado Reto | C13: 1.35 | D13: X | E13: 1.35 | F13: X | G13: 0.78 | I13: ='Tabela Base Casa 7 Brasil'!I11*'Indices de Tabelas'!$C$2 -> 1499.7045 | J13: =ROUNDDOWN((I13*(1-$C$274)*(1-$E$274)*(1-$G$274)),0) -> 1109 | K13: =I13*(1-$C$275)*(1-$E$275) -> 1155.9722 | L13: =I13*(1-$C$276)*(1-$E$275) -> 1155.9722 | M13: =I13*(1-$C$277) -> 1229.7577
B14: Madeirado / Envidraçado Moeda OU Copo | C14: 1.2 | D14: X | E14: 0.9 | F14: X | G14: 0.78 | I14: ='Tabela Base Casa 7 Brasil'!I12*'Indices de Tabelas'!$C$2 -> 1170.2128 | J14: =ROUNDDOWN((I14*(1-$C$274)*(1-$E$274)*(1-$G$274)),0) -> 865 | K14: =I14*(1-$C$275)*(1-$E$275) -> 902 | L14: =I14*(1-$C$276)*(1-$E$275) -> 902 | M14: =I14*(1-$C$277) -> 959.57447
B15: Madeirado / Envidraçado Moeda OU Copo | C15: 1.4 | D15: X | E15: 0.9 | F15: X | G15: 0.78 | I15: ='Tabela Base Casa 7 Brasil'!I13*'Indices de Tabelas'!$C$2 -> 1239.6572 | J15: =ROUNDDOWN((I15*(1-$C$274)*(1-$E$274)*(1-$G$274)),0) -> 917 | K15: =I15*(1-$C$275)*(1-$E$275) -> 955.52778 | L15: =I15*(1-$C$276)*(1-$E$275) -> 955.52778 | M15: =I15*(1-$C$277) -> 1016.5189
B16: Madeirado / Envidraçado Moeda OU Copo | C16: 1.35 | D16: X | E16: 1.35 | F16: X | G16: 0.78 | I16: ='Tabela Base Casa 7 Brasil'!I14*'Indices de Tabelas'!$C$2 -> 1635.6383 | J16: =ROUNDDOWN((I16*(1-$C$274)*(1-$E$274)*(1-$G$274)),0) -> 1210 | K16: =I16*(1-$C$275)*(1-$E$275) -> 1260.75 | L16: =I16*(1-$C$276)*(1-$E$275) -> 1260.75 | M16: =I16*(1-$C$277) -> 1341.2234
B17: Madeirado / Envidraçado Barril | C17: 1.2 | D17: X | E17: 0.9 | F17: X | G17: 0.78 | I17: ='Tabela Base Casa 7 Brasil'!I15*'Indices de Tabelas'!$C$2 -> 1170.2128 | J17: =ROUNDDOWN((I17*(1-$C$274)*(1-$E$274)*(1-$G$274)),0) -> 865 | K17: =I17*(1-$C$275)*(1-$E$275) -> 902 | L17: =I17*(1-$C$276)*(1-$E$275) -> 902 | M17: =I17*(1-$C$277) -> 959.57447
B18: Madeirado / Envidraçado Redonda | C18: 1 | D18: X | E18: 1 | F18: X | G18: 0.78 | I18: ='Tabela Base Casa 7 Brasil'!I16*'Indices de Tabelas'!$C$2 -> 1162.8251 | J18: =ROUNDDOWN((I18*(1-$C$274)*(1-$E$274)*(1-$G$274)),0) -> 860 | K18: =I18*(1-$C$275)*(1-$E$275) -> 896.30556 | L18: =I18*(1-$C$276)*(1-$E$275) -> 896.30556 | M18: =I18*(1-$C$277) -> 953.51655
B19: Madeirado / Envidraçado Redonda | C19: 1.3 | D19: X | E19: 1.3 | F19: X | G19: 0.78 | I19: ='Tabela Base Casa 7 Brasil'!I17*'Indices de Tabelas'!$C$2 -> 1442.0804 | J19: =ROUNDDOWN((I19*(1-$C$274)*(1-$E$274)*(1-$G$274)),0) -> 1067 | K19: =I19*(1-$C$275)*(1-$E$275) -> 1111.5556 | L19: =I19*(1-$C$276)*(1-$E$275) -> 1111.5556 | M19: =I19*(1-$C$277) -> 1182.5059
A21: 7MJT005 MESA DE JANTAR TURN
B22: Acabamento Tampo | C22: Larg. | E22: Prof. | G22: Alt. | I22: Tabela | J22: Antecipado | K22: Á Vista : 21+6% | L22: 30 Dias : 21+3% | M22: 60 Dias : 21%
B23: Madeirado / Envidraçado Reto | C23: 1.2 | D23: X | E23: 0.9 | F23: X | G23: 0.78 | I23: ='Tabela Base Casa 7 Brasil'!I21*'Indices de Tabelas'!$C$2 -> 1223.4043 | J23: =ROUNDDOWN((I23*(1-$C$274)*(1-$E$274)*(1-$G$274)),0) -> 905 | K23: =I23*(1-$C$275)*(1-$E$275) -> 943 | L23: =I23*(1-$C$276)*(1-$E$275) -> 943 | M23: =I23*(1-$C$277) -> 1003.1915
B24: Madeirado / Envidraçado Reto | C24: 1.4 | D24: X | E24: 0.9 | F24: X | G24: 0.78 | I24: ='Tabela Base Casa 7 Brasil'!I22*'Indices de Tabelas'!$C$2 -> 1276.5957 | J24: =ROUNDDOWN((I24*(1-$C$274)*(1-$E$274)*(1-$G$274)),0) -> 944 | K24: =I24*(1-$C$275)*(1-$E$275) -> 984 | L24: =I24*(1-$C$276)*(1-$E$275) -> 984 | M24: =I24*(1-$C$277) -> 1046.8085
B25: Madeirado / Envidraçado Reto | C25: 1.6 | D25: X | E25: 1 | F25: X | G25: 0.78 | I25: ='Tabela Base Casa 7 Brasil'!I23*'Indices de Tabelas'!$C$2 -> 1437.6478 | J25: =ROUNDDOWN((I25*(1-$C$274)*(1-$E$274)*(1-$G$274)),0) -> 1063 | K25: =I25*(1-$C$275)*(1-$E$275) -> 1108.1389 | L25: =I25*(1-$C$276)*(1-$E$275) -> 1108.1389 | M25: =I25*(1-$C$277) -> 1178.8712
B26: Madeirado / Envidraçado Reto | C26: 1.8 | D26: X | E26: 1 | F26: X | G26: 0.78 | I26: ='Tabela Base Casa 7 Brasil'!I24*'Indices de Tabelas'!$C$2 -> 1498.227 | J26: =ROUNDDOWN((I26*(1-$C$274)*(1-$E$274)*(1-$G$274)),0) -> 1108 | K26: =I26*(1-$C$275)*(1-$E$275) -> 1154.8333 | L26: =I26*(1-$C$276)*(1-$E$275) -> 1154.8333 | M26: =I26*(1-$C$277) -> 1228.5461
B27: Madeirado / Envidraçado Reto | C27: 2 | D27: X | E27: 1 | F27: X | G27: 0.78 | I27: ='Tabela Base Casa 7 Brasil'!I25*'Indices de Tabelas'!$C$2 -> 1561.7612 | J27: =ROUNDDOWN((I27*(1-$C$274)*(1-$E$274)*(1-$G$274)),0) -> 1155 | K27: =I27*(1-$C$275)*(1-$E$275) -> 1203.8056 | L27: =I27*(1-$C$276)*(1-$E$275) -> 1203.8056 | M27: =I27*(1-$C$277) -> 1280.6442
B28: Madeirado / Envidraçado Reto | C28: 2.2 | D28: X | E28: 1.1 | F28: X | G28: 0.78 | I28: ='Tabela Base Casa 7 Brasil'!I26*'Indices de Tabelas'!$C$2 -> 1767.1395 | J28: =ROUNDDOWN((I28*(1-$C$274)*(1-$E$274)*(1-$G$274)),0) -> 1307 | K28: =I28*(1-$C$275)*(1-$E$275) -> 1362.1111 | L28: =I28*(1-$C$276)*(1-$E$275) -> 1362.1111 | M28: =I28*(1-$C$277) -> 1449.0544
B29: Madeirado / Envidraçado Reto | C29: 1.35 | D29: X | E29: 1.35 | F29: X | G29: 0.78 | I29: ='Tabela Base Casa 7 Brasil'!I27*'Indices de Tabelas'!$C$2 -> 1496.7494 | J29: =ROUNDDOWN((I29*(1-$C$274)*(1-$E$274)*(1-$G$274)),0) -> 1107 | K29: =I29*(1-$C$275)*(1-$E$275) -> 1153.6944 | L29: =I29*(1-$C$276)*(1-$E$275) -> 1153.6944 | M29: =I29*(1-$C$277) -> 1227.3345
B30: Madeirado / Envidraçado Moeda OU Copo | C30: 1.2 | D30: X | E30: 0.9 | F30: X | G30: 0.78 | I30: ='Tabela Base Casa 7 Brasil'!I28*'Indices de Tabelas'!$C$2 -> 1255.9102 | J30: =ROUNDDOWN((I30*(1-$C$274)*(1-$E$274)*(1-$G$274)),0) -> 929 | K30: =I30*(1-$C$275)*(1-$E$275) -> 968.05556 | L30: =I30*(1-$C$276)*(1-$E$275) -> 968.05556 | M30: =I30*(1-$C$277) -> 1029.8463
B31: Madeirado / Envidraçado Moeda OU Copo | C31: 1.4 | D31: X | E31: 0.9 | F31: X | G31: 0.78 | I31: ='Tabela Base Casa 7 Brasil'!I29*'Indices de Tabelas'!$C$2 -> 1315.0118 | J31: =ROUNDDOWN((I31*(1-$C$274)*(1-$E$274)*(1-$G$274)),0) -> 973 | K31: =I31*(1-$C$275)*(1-$E$275) -> 1013.6111 | L31: =I31*(1-$C$276)*(1-$E$275) -> 1013.6111 | M31: =I31*(1-$C$277) -> 1078.3097
B32: Madeirado / Envidraçado Moeda OU Copo | C32: 1.6 | D32: X | E32: 1 | F32: X | G32: 0.78 | I32: ='Tabela Base Casa 7 Brasil'!I30*'Indices de Tabelas'!$C$2 -> 1486.4066 | J32: =ROUNDDOWN((I32*(1-$C$274)*(1-$E$274)*(1-$G$274)),0) -> 1099 | K32: =I32*(1-$C$275)*(1-$E$275) -> 1145.7222 | L32: =I32*(1-$C$276)*(1-$E$275) -> 1145.7222 | M32: =I32*(1-$C$277) -> 1218.8534
B33: Madeirado / Envidraçado Moeda OU Copo | C33: 1.8 | D33: X | E33: 1 | F33: X | G33: 0.78 | I33: ='Tabela Base Casa 7 Brasil'!I31*'Indices de Tabelas'!$C$2 -> 1578.0142 | J33: =ROUNDDOWN((I33*(1-$C$274)*(1-$E$274)*(1-$G$274)),0) -> 1167 | K33: =I33*(1-$C$275)*(1-$E$275) -> 1216.3333 | L33: =I33*(1-$C$276)*(1-$E$275) -> 1216.3333 | M33: =I33*(1-$C$277) -> 1293.9716
B34: Madeirado / Envidraçado Moeda OU Copo | C34: 2 | D34: X | E34: 1 | F34: X | G34: 0.78 | I34: ='Tabela Base Casa 7 Brasil'!I32*'Indices de Tabelas'!$C$2 -> 1647.4586 | J34: =ROUNDDOWN((I34*(1-$C$274)*(1-$E$274)*(1-$G$274)),0) -> 1219 | K34: =I34*(1-$C$275)*(1-$E$275) -> 1269.8611 | L34: =I34*(1-$C$276)*(1-$E$275) -> 1269.8611 | M34: =I34*(1-$C$277) -> 1350.9161
B35: Madeirado / Envidraçado Moeda OU Copo | C35: 2.2 | D35: X | E35: 1.1 | F35: X | G35: 0.78 | H35: 0.78 | I35: ='Tabela Base Casa 7 Brasil'!I33*'Indices de Tabelas'!$C$2 -> 1945.922 | J35: =ROUNDDOWN((I35*(1-$C$274)*(1-$E$274)*(1-$G$274)),0) -> 1439 | K35: =I35*(1-$C$275)*(1-$E$275) -> 1499.9167 | L35: =I35*(1-$C$276)*(1-$E$275) -> 1499.9167 | M35: =I35*(1-$C$277) -> 1595.656
B36: Madeirado / Envidraçado Moeda OU Copo | C36: 1.35 | D36: X | E36: 1.35 | F36: X | G36: 0.78 | I36: ='Tabela Base Casa 7 Brasil'!I34*'Indices de Tabelas'!$C$2 -> 1631.2057 | J36: =ROUNDDOWN((I36*(1-$C$274)*(1-$E$274)*(1-$G$274)),0) -> 1207 | K36: =I36*(1-$C$275)*(1-$E$275) -> 1257.3333 | L36: =I36*(1-$C$276)*(1-$E$275) -> 1257.3333 | M36: =I36*(1-$C$277) -> 1337.5887
B37: Madeirado / Envidraçado Barril | C37: 1.2 | D37: X | E37: 0.9 | F37: X | G37: 0.78 | I37: ='Tabela Base Casa 7 Brasil'!I35*'Indices de Tabelas'!$C$2 -> 1255.9102 | J37: =ROUNDDOWN((I37*(1-$C$274)*(1-$E$274)*(1-$G$274)),0) -> 929 | K37: =I37*(1-$C$275)*(1-$E$275) -> 968.05556 | L37: =I37*(1-$C$276)*(1-$E$275) -> 968.05556 | M37: =I37*(1-$C$277) -> 1029.8463
B38: Madeirado / Envidraçado Barril | C38: 1.8 | D38: X | E38: 1 | F38: X | G38: 0.78 | I38: ='Tabela Base Casa 7 Brasil'!I36*'Indices de Tabelas'!$C$2 -> 1578.0142 | J38: =ROUNDDOWN((I38*(1-$C$274)*(1-$E$274)*(1-$G$274)),0) -> 1167 | K38: =I38*(1-$C$275)*(1-$E$275) -> 1216.3333 | L38: =I38*(1-$C$276)*(1-$E$275) -> 1216.3333 | M38: =I38*(1-$C$277) -> 1293.9716
A40: 7MJT015 MESA DE JANTAR MONARCA
B41: Acabamento Tampo | C41: Larg. | E41: Prof. | G41: Alt. | I41: Tabela | J41: Antecipado | K41: Á Vista : 21+6% | L41: 30 Dias : 21+3% | M41: 60 Dias : 21%
B42: Madeirado / Envidraçado Redondo | C42: 1.2 | D42: X | E42: 1.2 | F42: X | G42: 0.78 | I42: ='Tabela Base Casa 7 Brasil'!I40*'Indices de Tabelas'!$C$2 -> 1753.8416 | J42: =ROUNDDOWN((I42*(1-$C$274)*(1-$E$274)*(1-$G$274)),0) -> 1297 | K42: =I42*(1-$C$275)*(1-$E$275) -> 1351.8611 | L42: =I42*(1-$C$276)*(1-$E$275) -> 1351.8611 | M42: =I42*(1-$C$277) -> 1438.1501
B43: Madeirado / Envidraçado Redondo | C43: 1.3 | D43: X | E43: 1.3 | F43: X | G43: 0.78 | I43: ='Tabela Base Casa 7 Brasil'!I41*'Indices de Tabelas'!$C$2 -> 1824.7636 | J43: =ROUNDDOWN((I43*(1-$C$274)*(1-$E$274)*(1-$G$274)),0) -> 1350 | K43: =I43*(1-$C$275)*(1-$E$275) -> 1406.5278 | L43: =I43*(1-$C$276)*(1-$E$275) -> 1406.5278 | M43: =I43*(1-$C$277) -> 1496.3061
B44: Madeirado / Envidraçado Redondo | C44: 1.5 | D44: X | E44: 1.5 | F44: X | G44: 0.78 | I44: ='Tabela Base Casa 7 Brasil'!I42*'Indices de Tabelas'!$C$2 -> 2106.974 | J44: =ROUNDDOWN((I44*(1-$C$274)*(1-$E$274)*(1-$G$274)),0) -> 1559 | K44: =I44*(1-$C$275)*(1-$E$275) -> 1624.0556 | L44: =I44*(1-$C$276)*(1-$E$275) -> 1624.0556 | M44: =I44*(1-$C$277) -> 1727.7187
A46: 7MJT016 MESA DE JANTAR DIAMANTE
B47: Acabamento Tampo | C47: Larg. | E47: Prof. | G47: Alt. | I47: Tabela | J47: Antecipado | K47: Á Vista : 21+6% | L47: 30 Dias : 21+3% | M47: 60 Dias : 21%
B48: Madeirado / Envidraçado Reto | C48: 1.8 | D48: X | E48: 1 | F48: X | G48: 0.78 | I48: ='Tabela Base Casa 7 Brasil'!I46*'Indices de Tabelas'!$C$2 -> 1663.7116 | J48: =ROUNDDOWN((I48*(1-$C$274)*(1-$E$274)*(1-$G$274)),0) -> 1231 | K48: =I48*(1-$C$275)*(1-$E$275) -> 1282.3889 | L48: =I48*(1-$C$276)*(1-$E$275) -> 1282.3889 | M48: =I48*(1-$C$277) -> 1364.2435
B49: Madeirado / Envidraçado Reto | C49: 2 | D49: X | E49: 1 | F49: X | G49: 0.78 | I49: ='Tabela Base Casa 7 Brasil'!I47*'Indices de Tabelas'!$C$2 -> 1814.4208 | J49: =ROUNDDOWN((I49*(1-$C$274)*(1-$E$274)*(1-$G$274)),0) -> 1342 | K49: =I49*(1-$C$275)*(1-$E$275) -> 1398.5556 | L49: =I49*(1-$C$276)*(1-$E$275) -> 1398.5556 | M49: =I49*(1-$C$277) -> 1487.8251
B50: Madeirado / Envidraçado Reto | C50: 2.2 | D50: X | E50: 1 | F50: X | G50: 0.78 | I50: ='Tabela Base Casa 7 Brasil'!I48*'Indices de Tabelas'!$C$2 -> 1976.9504 | J50: =ROUNDDOWN((I50*(1-$C$274)*(1-$E$274)*(1-$G$274)),0) -> 1462 | K50: =I50*(1-$C$275)*(1-$E$275) -> 1523.8333 | L50: =I50*(1-$C$276)*(1-$E$275) -> 1523.8333 | M50: =I50*(1-$C$277) -> 1621.0993
B51: Madeirado / Envidraçado Reto | C51: 2.4 | D51: X | E51: 1.2 | F51: X | G51: 0.78 | I51: ='Tabela Base Casa 7 Brasil'!I49*'Indices de Tabelas'!$C$2 -> 2208.9243 | J51: =ROUNDDOWN((I51*(1-$C$274)*(1-$E$274)*(1-$G$274)),0) -> 1634 | K51: =I51*(1-$C$275)*(1-$E$275) -> 1702.6389 | L51: =I51*(1-$C$276)*(1-$E$275) -> 1702.6389 | M51: =I51*(1-$C$277) -> 1811.318
B52: Madeirado / Envidraçado Reto | C52: 2.6 | D52: X | E52: 1.2 | F52: X | G52: 0.78 | I52: ='Tabela Base Casa 7 Brasil'!I50*'Indices de Tabelas'!$C$2 -> 2429.078 | J52: =ROUNDDOWN((I52*(1-$C$274)*(1-$E$274)*(1-$G$274)),0) -> 1797 | K52: =I52*(1-$C$275)*(1-$E$275) -> 1872.3333 | L52: =I52*(1-$C$276)*(1-$E$275) -> 1872.3333 | M52: =I52*(1-$C$277) -> 1991.844
B53: Madeirado / Envidraçado Reto | C53: 2.73 | D53: X | E53: 1.2 | F53: X | G53: 0.78 | I53: ='Tabela Base Casa 7 Brasil'!I51*'Indices de Tabelas'!$C$2 -> 2729.0189 | J53: =ROUNDDOWN((I53*(1-$C$274)*(1-$E$274)*(1-$G$274)),0) -> 2019 | K53: =I53*(1-$C$275)*(1-$E$275) -> 2103.5278 | L53: =I53*(1-$C$276)*(1-$E$275) -> 2103.5278 | M53: =I53*(1-$C$277) -> 2237.7955
B54: Madeirado / Envidraçado Moeda OU Copo | C54: 1.8 | D54: X | E54: 1 | F54: X | G54: 0.78 | I54: ='Tabela Base Casa 7 Brasil'!I52*'Indices de Tabelas'!$C$2 -> 1764.1844 | J54: =ROUNDDOWN((I54*(1-$C$274)*(1-$E$274)*(1-$G$274)),0) -> 1305 | K54: =I54*(1-$C$275)*(1-$E$275) -> 1359.8333 | L54: =I54*(1-$C$276)*(1-$E$275) -> 1359.8333 | M54: =I54*(1-$C$277) -> 1446.6312
B55: Madeirado / Envidraçado Moeda OU Copo | C55: 2 | D55: X | E55: 1 | F55: X | G55: 0.78 | I55: ='Tabela Base Casa 7 Brasil'!I53*'Indices de Tabelas'!$C$2 -> 1922.2813 | J55: =ROUNDDOWN((I55*(1-$C$274)*(1-$E$274)*(1-$G$274)),0) -> 1422 | K55: =I55*(1-$C$275)*(1-$E$275) -> 1481.6944 | L55: =I55*(1-$C$276)*(1-$E$275) -> 1481.6944 | M55: =I55*(1-$C$277) -> 1576.2707
B56: Madeirado / Envidraçado Moeda OU Copo | C56: 2.2 | D56: X | E56: 1 | F56: X | G56: 0.78 | I56: ='Tabela Base Casa 7 Brasil'!I54*'Indices de Tabelas'!$C$2 -> 2096.6312 | J56: =ROUNDDOWN((I56*(1-$C$274)*(1-$E$274)*(1-$G$274)),0) -> 1551 | K56: =I56*(1-$C$275)*(1-$E$275) -> 1616.0833 | L56: =I56*(1-$C$276)*(1-$E$275) -> 1616.0833 | M56: =I56*(1-$C$277) -> 1719.2376
B57: Madeirado / Envidraçado Moeda OU Copo | C57: 2.4 | D57: X | E57: 1.2 | F57: X | G57: 0.78 | I57: ='Tabela Base Casa 7 Brasil'!I55*'Indices de Tabelas'!$C$2 -> 2395.0946 | J57: =ROUNDDOWN((I57*(1-$C$274)*(1-$E$274)*(1-$G$274)),0) -> 1772 | K57: =I57*(1-$C$275)*(1-$E$275) -> 1846.1389 | L57: =I57*(1-$C$276)*(1-$E$275) -> 1846.1389 | M57: =I57*(1-$C$277) -> 1963.9775
B58: Madeirado / Envidraçado Moeda OU Copo | C58: 2.6 | D58: X | E58: 1.2 | F58: X | G58: 0.78 | I58: ='Tabela Base Casa 7 Brasil'!I56*'Indices de Tabelas'!$C$2 -> 2696.513 | J58: =ROUNDDOWN((I58*(1-$C$274)*(1-$E$274)*(1-$G$274)),0) -> 1995 | K58: =I58*(1-$C$275)*(1-$E$275) -> 2078.4722 | L58: =I58*(1-$C$276)*(1-$E$275) -> 2078.4722 | M58: =I58*(1-$C$277) -> 2211.1407
B59: Madeirado / Envidraçado Moeda OU Copo | C59: 2.73 | D59: X | E59: 1.2 | F59: X | G59: 0.78 | I59: ='Tabela Base Casa 7 Brasil'!I57*'Indices de Tabelas'!$C$2 -> 2990.5437 | J59: =ROUNDDOWN((I59*(1-$C$274)*(1-$E$274)*(1-$G$274)),0) -> 2212 | K59: =I59*(1-$C$275)*(1-$E$275) -> 2305.1111 | L59: =I59*(1-$C$276)*(1-$E$275) -> 2305.1111 | M59: =I59*(1-$C$277) -> 2452.2459
A61: 7MJT013 MESA DE JANTAR STYLUS
B62: Acabamento Tampo | C62: Larg. | E62: Prof. | G62: Alt. | I62: Tabela | J62: Antecipado | K62: Á Vista : 21+6% | L62: 30 Dias : 21+3% | M62: 60 Dias : 21%
B63: Madeirado / Envidraçado Reto | C63: 1.8 | D63: X | E63: 1 | F63: X | G63: 0.78 | I63: ='Tabela Base Casa 7 Brasil'!I61*'Indices de Tabelas'!$C$2 -> 2012.4113 | J63: =ROUNDDOWN((I63*(1-$C$274)*(1-$E$274)*(1-$G$274)),0) -> 1489 | K63: =I63*(1-$C$275)*(1-$E$275) -> 1551.1667 | L63: =I63*(1-$C$276)*(1-$E$275) -> 1551.1667 | M63: =I63*(1-$C$277) -> 1650.1773
B64: Madeirado / Envidraçado Reto | C64: 2 | D64: X | E64: 1 | F64: X | G64: 0.78 | I64: ='Tabela Base Casa 7 Brasil'!I62*'Indices de Tabelas'!$C$2 -> 2180.8511 | J64: =ROUNDDOWN((I64*(1-$C$274)*(1-$E$274)*(1-$G$274)),0) -> 1613 | K64: =I64*(1-$C$275)*(1-$E$275) -> 1681 | L64: =I64*(1-$C$276)*(1-$E$275) -> 1681 | M64: =I64*(1-$C$277) -> 1788.2979
B65: Madeirado / Envidraçado Reto | C65: 2.2 | D65: X | E65: 1 | F65: X | G65: 0.78 | I65: ='Tabela Base Casa 7 Brasil'!I63*'Indices de Tabelas'!$C$2 -> 2610.8156 | J65: =ROUNDDOWN((I65*(1-$C$274)*(1-$E$274)*(1-$G$274)),0) -> 1931 | K65: =I65*(1-$C$275)*(1-$E$275) -> 2012.4167 | L65: =I65*(1-$C$276)*(1-$E$275) -> 2012.4167 | M65: =I65*(1-$C$277) -> 2140.8688
B66: Madeirado / Envidraçado Reto | C66: 2.4 | D66: X | E66: 1.2 | F66: X | G66: 0.78 | I66: ='Tabela Base Casa 7 Brasil'!I64*'Indices de Tabelas'!$C$2 -> 2850.1773 | J66: =ROUNDDOWN((I66*(1-$C$274)*(1-$E$274)*(1-$G$274)),0) -> 2109 | K66: =I66*(1-$C$275)*(1-$E$275) -> 2196.9167 | L66: =I66*(1-$C$276)*(1-$E$275) -> 2196.9167 | M66: =I66*(1-$C$277) -> 2337.1454
B67: Madeirado / Envidraçado Reto | C67: 2.6 | D67: X | E67: 1.2 | F67: X | G67: 0.78 | I67: ='Tabela Base Casa 7 Brasil'!I65*'Indices de Tabelas'!$C$2 -> 3145.6856 | J67: =ROUNDDOWN((I67*(1-$C$274)*(1-$E$274)*(1-$G$274)),0) -> 2327 | K67: =I67*(1-$C$275)*(1-$E$275) -> 2424.6944 | L67: =I67*(1-$C$276)*(1-$E$275) -> 2424.6944 | M67: =I67*(1-$C$277) -> 2579.4622
B68: Madeirado / Envidraçado Reto | C68: 2.73 | D68: X | E68: 1.2 | F68: X | G68: 0.78 | I68: ='Tabela Base Casa 7 Brasil'!I66*'Indices de Tabelas'!$C$2 -> 3433.8061 | J68: =ROUNDDOWN((I68*(1-$C$274)*(1-$E$274)*(1-$G$274)),0) -> 2540 | K68: =I68*(1-$C$275)*(1-$E$275) -> 2646.7778 | L68: =I68*(1-$C$276)*(1-$E$275) -> 2646.7778 | M68: =I68*(1-$C$277) -> 2815.721
B69: Madeirado / Envidraçado Moeda OU Copo | C69: 1.8 | D69: X | E69: 1 | F69: X | G69: 0.78 | I69: ='Tabela Base Casa 7 Brasil'!I67*'Indices de Tabelas'!$C$2 -> 2436.4657 | J69: =ROUNDDOWN((I69*(1-$C$274)*(1-$E$274)*(1-$G$274)),0) -> 1802 | K69: =I69*(1-$C$275)*(1-$E$275) -> 1878.0278 | L69: =I69*(1-$C$276)*(1-$E$275) -> 1878.0278 | M69: =I69*(1-$C$277) -> 1997.9019
B70: Madeirado / Envidraçado Moeda OU Copo | C70: 2 | D70: X | E70: 1 | F70: X | G70: 0.78 | I70: ='Tabela Base Casa 7 Brasil'!I68*'Indices de Tabelas'!$C$2 -> 2569.4444 | J70: =ROUNDDOWN((I70*(1-$C$274)*(1-$E$274)*(1-$G$274)),0) -> 1901 | K70: =I70*(1-$C$275)*(1-$E$275) -> 1980.5278 | L70: =I70*(1-$C$276)*(1-$E$275) -> 1980.5278 | M70: =I70*(1-$C$277) -> 2106.9444
B71: Madeirado / Envidraçado Moeda OU Copo | C71: 2.2 | D71: X | E71: 1 | F71: X | G71: 0.78 | I71: ='Tabela Base Casa 7 Brasil'!I69*'Indices de Tabelas'!$C$2 -> 2807.3286 | J71: =ROUNDDOWN((I71*(1-$C$274)*(1-$E$274)*(1-$G$274)),0) -> 2077 | K71: =I71*(1-$C$275)*(1-$E$275) -> 2163.8889 | L71: =I71*(1-$C$276)*(1-$E$275) -> 2163.8889 | M71: =I71*(1-$C$277) -> 2302.0095
B72: Madeirado / Envidraçado Moeda OU Copo | C72: 2.4 | D72: X | E72: 1.2 | F72: X | G72: 0.78 | I72: ='Tabela Base Casa 7 Brasil'!I70*'Indices de Tabelas'!$C$2 -> 2807.3286 | J72: =ROUNDDOWN((I72*(1-$C$274)*(1-$E$274)*(1-$G$274)),0) -> 2077 | K72: =I72*(1-$C$275)*(1-$E$275) -> 2163.8889 | L72: =I72*(1-$C$276)*(1-$E$275) -> 2163.8889 | M72: =I72*(1-$C$277) -> 2302.0095
B73: Madeirado / Envidraçado Moeda OU Copo | C73: 2.6 | D73: X | E73: 1.2 | F73: X | G73: 0.78 | I73: ='Tabela Base Casa 7 Brasil'!I71*'Indices de Tabelas'!$C$2 -> 3210.6974 | J73: =ROUNDDOWN((I73*(1-$C$274)*(1-$E$274)*(1-$G$274)),0) -> 2375 | K73: =I73*(1-$C$275)*(1-$E$275) -> 2474.8056 | L73: =I73*(1-$C$276)*(1-$E$275) -> 2474.8056 | M73: =I73*(1-$C$277) -> 2632.7719
B74: Madeirado / Envidraçado Moeda OU Copo | C74: 2.73 | D74: X | E74: 1.2 | F74: X | G74: 0.78 | I74: ='Tabela Base Casa 7 Brasil'!I72*'Indices de Tabelas'!$C$2 -> 3501.773 | J74: =ROUNDDOWN((I74*(1-$C$274)*(1-$E$274)*(1-$G$274)),0) -> 2591 | K74: =I74*(1-$C$275)*(1-$E$275) -> 2699.1667 | L74: =I74*(1-$C$276)*(1-$E$275) -> 2699.1667 | M74: =I74*(1-$C$277) -> 2871.4539
A76: 7MJT014 MESA DE JANTAR COLISEU
B77: Acabamento Tampo | C77: Larg. | E77: Prof. | G77: Alt. | I77: Tabela | J77: Antecipado | K77: Á Vista : 21+6% | L77: 30 Dias : 21+3% | M77: 60 Dias : 21%
B78: Madeirado / Envidraçado Reto | C78: 1.8 | D78: X | E78: 1 | F78: X | G78: 0.78 | I78: ='Tabela Base Casa 7 Brasil'!I76*'Indices de Tabelas'!$C$2 -> 1969.5626 | J78: =ROUNDDOWN((I78*(1-$C$274)*(1-$E$274)*(1-$G$274)),0) -> 1457 | K78: =I78*(1-$C$275)*(1-$E$275) -> 1518.1389 | L78: =I78*(1-$C$276)*(1-$E$275) -> 1518.1389 | M78: =I78*(1-$C$277) -> 1615.0414
B79: Madeirado / Envidraçado Reto | C79: 2 | D79: X | E79: 1 | F79: X | G79: 0.78 | I79: ='Tabela Base Casa 7 Brasil'!I77*'Indices de Tabelas'!$C$2 -> 2161.643 | J79: =ROUNDDOWN((I79*(1-$C$274)*(1-$E$274)*(1-$G$274)),0) -> 1599 | K79: =I79*(1-$C$275)*(1-$E$275) -> 1666.1944 | L79: =I79*(1-$C$276)*(1-$E$275) -> 1666.1944 | M79: =I79*(1-$C$277) -> 1772.5473
B80: Madeirado / Envidraçado Reto | C80: 2.2 | D80: X | E80: 1 | F80: X | G80: 0.78 | I80: ='Tabela Base Casa 7 Brasil'!I78*'Indices de Tabelas'!$C$2 -> 2579.7872 | J80: =ROUNDDOWN((I80*(1-$C$274)*(1-$E$274)*(1-$G$274)),0) -> 1908 | K80: =I80*(1-$C$275)*(1-$E$275) -> 1988.5 | L80: =I80*(1-$C$276)*(1-$E$275) -> 1988.5 | M80: =I80*(1-$C$277) -> 2115.4255
B81: Madeirado / Envidraçado Reto | C81: 2.4 | D81: X | E81: 1.2 | F81: X | G81: 0.78 | I81: ='Tabela Base Casa 7 Brasil'!I79*'Indices de Tabelas'!$C$2 -> 2820.6265 | J81: =ROUNDDOWN((I81*(1-$C$274)*(1-$E$274)*(1-$G$274)),0) -> 2087 | K81: =I81*(1-$C$275)*(1-$E$275) -> 2174.1389 | L81: =I81*(1-$C$276)*(1-$E$275) -> 2174.1389 | M81: =I81*(1-$C$277) -> 2312.9137
B82: Madeirado / Envidraçado Reto | C82: 2.6 | D82: X | E82: 1.2 | F82: X | G82: 0.78 | I82: ='Tabela Base Casa 7 Brasil'!I80*'Indices de Tabelas'!$C$2 -> 2937.3522 | J82: =ROUNDDOWN((I82*(1-$C$274)*(1-$E$274)*(1-$G$274)),0) -> 2173 | K82: =I82*(1-$C$275)*(1-$E$275) -> 2264.1111 | L82: =I82*(1-$C$276)*(1-$E$275) -> 2264.1111 | M82: =I82*(1-$C$277) -> 2408.6288
B83: Madeirado / Envidraçado Reto | C83: 2.73 | D83: X | E83: 1.2 | F83: X | G83: 0.78 | I83: ='Tabela Base Casa 7 Brasil'!I81*'Indices de Tabelas'!$C$2 -> 3088.0615 | J83: =ROUNDDOWN((I83*(1-$C$274)*(1-$E$274)*(1-$G$274)),0) -> 2285 | K83: =I83*(1-$C$275)*(1-$E$275) -> 2380.2778 | L83: =I83*(1-$C$276)*(1-$E$275) -> 2380.2778 | M83: =I83*(1-$C$277) -> 2532.2104
B84: Madeirado / Envidraçado Moeda OU Copo | C84: 1.8 | D84: X | E84: 1 | F84: X | G84: 0.78 | I84: ='Tabela Base Casa 7 Brasil'!I82*'Indices de Tabelas'!$C$2 -> 2396.5721 | J84: =ROUNDDOWN((I84*(1-$C$274)*(1-$E$274)*(1-$G$274)),0) -> 1773 | K84: =I84*(1-$C$275)*(1-$E$275) -> 1847.2778 | L84: =I84*(1-$C$276)*(1-$E$275) -> 1847.2778 | M84: =I84*(1-$C$277) -> 1965.1891
B85: Madeirado / Envidraçado Moeda OU Copo | C85: 2 | D85: X | E85: 1 | F85: X | G85: 0.78 | I85: ='Tabela Base Casa 7 Brasil'!I83*'Indices de Tabelas'!$C$2 -> 2525.1182 | J85: =ROUNDDOWN((I85*(1-$C$274)*(1-$E$274)*(1-$G$274)),0) -> 1868 | K85: =I85*(1-$C$275)*(1-$E$275) -> 1946.3611 | L85: =I85*(1-$C$276)*(1-$E$275) -> 1946.3611 | M85: =I85*(1-$C$277) -> 2070.5969
B86: Madeirado / Envidraçado Moeda OU Copo | C86: 2.2 | D86: X | E86: 1 | F86: X | G86: 0.78 | I86: ='Tabela Base Casa 7 Brasil'!I84*'Indices de Tabelas'!$C$2 -> 2776.3002 | J86: =ROUNDDOWN((I86*(1-$C$274)*(1-$E$274)*(1-$G$274)),0) -> 2054 | K86: =I86*(1-$C$275)*(1-$E$275) -> 2139.9722 | L86: =I86*(1-$C$276)*(1-$E$275) -> 2139.9722 | M86: =I86*(1-$C$277) -> 2276.5662
B87: Madeirado / Envidraçado Moeda OU Copo | C87: 2.4 | D87: X | E87: 1.2 | F87: X | G87: 0.78 | I87: ='Tabela Base Casa 7 Brasil'!I85*'Indices de Tabelas'!$C$2 -> 3027.4823 | J87: =ROUNDDOWN((I87*(1-$C$274)*(1-$E$274)*(1-$G$274)),0) -> 2240 | K87: =I87*(1-$C$275)*(1-$E$275) -> 2333.5833 | L87: =I87*(1-$C$276)*(1-$E$275) -> 2333.5833 | M87: =I87*(1-$C$277) -> 2482.5355
B88: Madeirado / Envidraçado Moeda OU Copo | C88: 2.6 | D88: X | E88: 1.2 | F88: X | G88: 0.78 | I88: ='Tabela Base Casa 7 Brasil'!I86*'Indices de Tabelas'!$C$2 -> 3156.0284 | J88: =ROUNDDOWN((I88*(1-$C$274)*(1-$E$274)*(1-$G$274)),0) -> 2335 | K88: =I88*(1-$C$275)*(1-$E$275) -> 2432.6667 | L88: =I88*(1-$C$276)*(1-$E$275) -> 2432.6667 | M88: =I88*(1-$C$277) -> 2587.9433
B89: Madeirado / Envidraçado Moeda OU Copo | C89: 2.73 | D89: X | E89: 1.2 | F89: X | G89: 0.78 | I89: ='Tabela Base Casa 7 Brasil'!I87*'Indices de Tabelas'!$C$2 -> 3445.6265 | J89: =ROUNDDOWN((I89*(1-$C$274)*(1-$E$274)*(1-$G$274)),0) -> 2549 | K89: =I89*(1-$C$275)*(1-$E$275) -> 2655.8889 | L89: =I89*(1-$C$276)*(1-$E$275) -> 2655.8889 | M89: =I89*(1-$C$277) -> 2825.4137
... B91: Madeirado / Envidraçado Moeda OU Copo | C91: 1.5 | D91: X | E91: 1.5 | F91: X | G91: 0.78 | I91: ='Tabela Base Casa 7 Brasil'!I89*'Indices de Tabelas'!$C$2 -> 2028.6643 | J91: =ROUNDDOWN((I91*(1-$C$274)*(1-$E$274)*(1-$G$274)),0) -> 1501 | K91: =I91*(1-$C$275)*(1-$E$275) -> 1563.6944 | L91: =I91*(1-$C$276)*(1-$E$275) -> 1563.6944 | M91: =I91*(1-$C$277) -> 1663.5047
A93: 7MJT011 MESA DE JANTAR GRIFE
B94: Acabamento Tampo | C94: Larg. | E94: Prof. | G94: Alt. | I94: Tabela | J94: Antecipado | K94: Á Vista : 21+6% | L94: 30 Dias : 21+3% | M94: 60 Dias : 21%
B95: Madeirado / Envidraçado Reto | C95: 1.8 | D95: X | E95: 1 | F95: X | G95: 0.78 | I95: ='Tabela Base Casa 7 Brasil'!I93*'Indices de Tabelas'!$C$2 -> 1672.5768 | J95: =ROUNDDOWN((I95*(1-$C$274)*(1-$E$274)*(1-$G$274)),0) -> 1237 | K95: =I95*(1-$C$275)*(1-$E$275) -> 1289.2222 | L95: =I95*(1-$C$276)*(1-$E$275) -> 1289.2222 | M95: =I95*(1-$C$277) -> 1371.513
B96: Madeirado / Envidraçado Reto | C96: 2 | D96: X | E96: 1 | F96: X | G96: 0.78 | I96: ='Tabela Base Casa 7 Brasil'!I94*'Indices de Tabelas'!$C$2 -> 1807.0331 | J96: =ROUNDDOWN((I96*(1-$C$274)*(1-$E$274)*(1-$G$274)),0) -> 1337 | K96: =I96*(1-$C$275)*(1-$E$275) -> 1392.8611 | L96: =I96*(1-$C$276)*(1-$E$275) -> 1392.8611 | M96: =I96*(1-$C$277) -> 1481.7671
B97: Madeirado / Envidraçado Reto | C97: 2.2 | D97: X | E97: 1 | F97: X | G97: 0.78 | I97: ='Tabela Base Casa 7 Brasil'!I95*'Indices de Tabelas'!$C$2 -> 2010.9338 | J97: =ROUNDDOWN((I97*(1-$C$274)*(1-$E$274)*(1-$G$274)),0) -> 1488 | K97: =I97*(1-$C$275)*(1-$E$275) -> 1550.0278 | L97: =I97*(1-$C$276)*(1-$E$275) -> 1550.0278 | M97: =I97*(1-$C$277) -> 1648.9657
B98: Madeirado / Envidraçado Reto | C98: 2.4 | D98: X | E98: 1.2 | F98: X | G98: 0.78 | I98: ='Tabela Base Casa 7 Brasil'!I96*'Indices de Tabelas'!$C$2 -> 2337.4704 | J98: =ROUNDDOWN((I98*(1-$C$274)*(1-$E$274)*(1-$G$274)),0) -> 1729 | K98: =I98*(1-$C$275)*(1-$E$275) -> 1801.7222 | L98: =I98*(1-$C$276)*(1-$E$275) -> 1801.7222 | M98: =I98*(1-$C$277) -> 1916.7258
B99: Madeirado / Envidraçado Reto | C99: 2.6 | D99: X | E99: 1.2 | F99: X | G99: 0.78 | I99: ='Tabela Base Casa 7 Brasil'!I97*'Indices de Tabelas'!$C$2 -> 2635.9338 | J99: =ROUNDDOWN((I99*(1-$C$274)*(1-$E$274)*(1-$G$274)),0) -> 1950 | K99: =I99*(1-$C$275)*(1-$E$275) -> 2031.7778 | L99: =I99*(1-$C$276)*(1-$E$275) -> 2031.7778 | M99: =I99*(1-$C$277) -> 2161.4657
B100: Madeirado / Envidraçado Reto | C100: 2.73 | D100: X | E100: 1.2 | F100: X | G100: 0.78 | I100: ='Tabela Base Casa 7 Brasil'!I98*'Indices de Tabelas'!$C$2 -> 2931.4421 | J100: =ROUNDDOWN((I100*(1-$C$274)*(1-$E$274)*(1-$G$274)),0) -> 2169 | K100: =I100*(1-$C$275)*(1-$E$275) -> 2259.5556 | L100: =I100*(1-$C$276)*(1-$E$275) -> 2259.5556 | M100: =I100*(1-$C$277) -> 2403.7825
B101: Madeirado / Envidraçado Moeda OU Copo | C101: 1.8 | D101: X | E101: 1 | F101: X | G101: 0.78 | I101: ='Tabela Base Casa 7 Brasil'!I99*'Indices de Tabelas'!$C$2 -> 1923.7589 | J101: =ROUNDDOWN((I101*(1-$C$274)*(1-$E$274)*(1-$G$274)),0) -> 1423 | K101: =I101*(1-$C$275)*(1-$E$275) -> 1482.8333 | L101: =I101*(1-$C$276)*(1-$E$275) -> 1482.8333 | M101: =I101*(1-$C$277) -> 1577.4823
B102: Madeirado / Envidraçado Moeda OU Copo | C102: 2 | D102: X | E102: 1 | F102: X | G102: 0.78 | I102: ='Tabela Base Casa 7 Brasil'!I100*'Indices de Tabelas'!$C$2 -> 2056.7376 | J102: =ROUNDDOWN((I102*(1-$C$274)*(1-$E$274)*(1-$G$274)),0) -> 1521 | K102: =I102*(1-$C$275)*(1-$E$275) -> 1585.3333 | L102: =I102*(1-$C$276)*(1-$E$275) -> 1585.3333 | M102: =I102*(1-$C$277) -> 1686.5248
B103: Madeirado / Envidraçado Moeda OU Copo | C103: 2.2 | D103: X | E103: 1 | F103: X | G103: 0.78 | I103: ='Tabela Base Casa 7 Brasil'!I101*'Indices de Tabelas'!$C$2 -> 2293.1442 | J103: =ROUNDDOWN((I103*(1-$C$274)*(1-$E$274)*(1-$G$274)),0) -> 1696 | K103: =I103*(1-$C$275)*(1-$E$275) -> 1767.5556 | L103: =I103*(1-$C$276)*(1-$E$275) -> 1767.5556 | M103: =I103*(1-$C$277) -> 1880.3783
B104: Madeirado / Envidraçado Moeda OU Copo | C104: 2.4 | D104: X | E104: 1.2 | F104: X | G104: 0.78 | I104: ='Tabela Base Casa 7 Brasil'!I102*'Indices de Tabelas'!$C$2 -> 2467.4941 | J104: =ROUNDDOWN((I104*(1-$C$274)*(1-$E$274)*(1-$G$274)),0) -> 1825 | K104: =I104*(1-$C$275)*(1-$E$275) -> 1901.9444 | L104: =I104*(1-$C$276)*(1-$E$275) -> 1901.9444 | M104: =I104*(1-$C$277) -> 2023.3452
B105: Madeirado / Envidraçado Moeda OU Copo | C105: 2.6 | D105: X | E105: 1.2 | F105: X | G105: 0.78 | I105: ='Tabela Base Casa 7 Brasil'!I103*'Indices de Tabelas'!$C$2 -> 2697.9905 | J105: =ROUNDDOWN((I105*(1-$C$274)*(1-$E$274)*(1-$G$274)),0) -> 1996 | K105: =I105*(1-$C$275)*(1-$E$275) -> 2079.6111 | L105: =I105*(1-$C$276)*(1-$E$275) -> 2079.6111 | M105: =I105*(1-$C$277) -> 2212.3522
B106: Madeirado / Envidraçado Moeda OU Copo | C106: 2.6 | D106: X | E106: 1.2 | F106: X | G106: 0.78 | I106: ='Tabela Base Casa 7 Brasil'!I104*'Indices de Tabelas'!$C$2 -> 2993.4988 | J106: =ROUNDDOWN((I106*(1-$C$274)*(1-$E$274)*(1-$G$274)),0) -> 2215 | K106: =I106*(1-$C$275)*(1-$E$275) -> 2307.3889 | L106: =I106*(1-$C$276)*(1-$E$275) -> 2307.3889 | M106: =I106*(1-$C$277) -> 2454.669
A108: 7MJT010 MESA DE JANTAR RAIZ
B109: Acabamento Tampo | C109: Larg. | E109: Prof. | G109: Alt. | I109: Tabela | J109: Antecipado | K109: Á Vista : 21+6% | L109: 30 Dias : 21+3% | M109: 60 Dias : 21%
B110: Madeirado / Envidraçado Reto | C110: 1.8 | D110: X | E110: 1 | F110: X | G110: 0.78 | I110: ='Tabela Base Casa 7 Brasil'!I108*'Indices de Tabelas'!$C$2 -> 1963.6525 | J110: =ROUNDDOWN((I110*(1-$C$274)*(1-$E$274)*(1-$G$274)),0) -> 1453 | K110: =I110*(1-$C$275)*(1-$E$275) -> 1513.5833 | L110: =I110*(1-$C$276)*(1-$E$275) -> 1513.5833 | M110: =I110*(1-$C$277) -> 1610.195
B111: Madeirado / Envidraçado Reto | C111: 2 | D111: X | E111: 1 | F111: X | G111: 0.78 | I111: ='Tabela Base Casa 7 Brasil'!I109*'Indices de Tabelas'!$C$2 -> 2117.3168 | J111: =ROUNDDOWN((I111*(1-$C$274)*(1-$E$274)*(1-$G$274)),0) -> 1566 | K111: =I111*(1-$C$275)*(1-$E$275) -> 1632.0278 | L111: =I111*(1-$C$276)*(1-$E$275) -> 1632.0278 | M111: =I111*(1-$C$277) -> 1736.1998
B112: Madeirado / Envidraçado Reto | C112: 2.2 | D112: X | E112: 1 | F112: X | G112: 0.78 | I112: ='Tabela Base Casa 7 Brasil'!I110*'Indices de Tabelas'!$C$2 -> 2239.9527 | J112: =ROUNDDOWN((I112*(1-$C$274)*(1-$E$274)*(1-$G$274)),0) -> 1657 | K112: =I112*(1-$C$275)*(1-$E$275) -> 1726.5556 | L112: =I112*(1-$C$276)*(1-$E$275) -> 1726.5556 | M112: =I112*(1-$C$277) -> 1836.7612
...

Sheet Tabela Casa 7 Brasil
L1: Percentual desconto comercial | M1: 0.21
A3: TABELA COMERCIAL CASA 7 - VÁLIDA A PARTIR DE 01/01/2021
A5: Acrescentar 5% referente a IPI
A7: Mesas de Jantar
A9: 7MJT003 MESA DE JANTAR SPIN
B10: Acabamento Tampo | C10: Larg. | E10: Prof. | G10: Alt. | I10: Tabela | J10: Antecipado | K10: Á Vista : 21+6% | L10: 30 Dias : 21+3% | M10: 60 Dias : 21%
B11: Madeirado / Envidraçado Reto | C11: 1.2 | D11: X | E11: 0.9 | F11: X | G11: 0.78 | I11: ='Tabela Base Casa 7 Brasil'!I9*'Indices de Tabelas'!$C$2 -> 1136.2293 | J11: =ROUNDDOWN((I11*(1-$C$274)*(1-$E$274)*(1-$G$274)),0) -> 810 | K11: =I11*(1-$C$275)*(1-$E$275) -> 843.76389 | L11: =I11*(1-$C$276)*(1-$E$275) -> 843.76389 | M11: =I11*(1-$C$277) -> 897.62116
B12: Madeirado / Envidraçado Reto | C12: 1.4 | D12: X | E12: 0.9 | F12: X | G12: 0.78 | I12: ='Tabela Base Casa 7 Brasil'!I10*'Indices de Tabelas'!$C$2 -> 1190.8983 | J12: =ROUNDDOWN((I12*(1-$C$274)*(1-$E$274)*(1-$G$274)),0) -> 848 | K12: =I12*(1-$C$275)*(1-$E$275) -> 884.36111 | L12: =I12*(1-$C$276)*(1-$E$275) -> 884.36111 | M12: =I12*(1-$C$277) -> 940.80969
B13: Madeirado / Envidraçado Reto | C13: 1.35 | D13: X | E13: 1.35 | F13: X | G13: 0.78 | I13: ='Tabela Base Casa 7 Brasil'!I11*'Indices de Tabelas'!$C$2 -> 1499.7045 | J13: =ROUNDDOWN((I13*(1-$C$274)*(1-$E$274)*(1-$G$274)),0) -> 1069 | K13: =I13*(1-$C$275)*(1-$E$275) -> 1113.6806 | L13: =I13*(1-$C$276)*(1-$E$275) -> 1113.6806 | M13: =I13*(1-$C$277) -> 1184.7665
B14: Madeirado / Envidraçado Moeda OU Copo | C14: 1.2 | D14: X | E14: 0.9 | F14: X | G14: 0.78 | I14: ='Tabela Base Casa 7 Brasil'!I12*'Indices de Tabelas'!$C$2 -> 1170.2128 | J14: =ROUNDDOWN((I14*(1-$C$274)*(1-$E$274)*(1-$G$274)),0) -> 834 | K14: =I14*(1-$C$275)*(1-$E$275) -> 869 | L14: =I14*(1-$C$276)*(1-$E$275) -> 869 | M14: =I14*(1-$C$277) -> 924.46809
B15: Madeirado / Envidraçado Moeda OU Copo | C15: 1.4 | D15: X | E15: 0.9 | F15: X | G15: 0.78 | I15: ='Tabela Base Casa 7 Brasil'!I13*'Indices de Tabelas'!$C$2 -> 1239.6572 | J15: =ROUNDDOWN((I15*(1-$C$274)*(1-$E$274)*(1-$G$274)),0) -> 883 | K15: =I15*(1-$C$275)*(1-$E$275) -> 920.56944 | L15: =I15*(1-$C$276)*(1-$E$275) -> 920.56944 | M15: =I15*(1-$C$277) -> 979.3292
B16: Madeirado / Envidraçado Moeda OU Copo | C16: 1.35 | D16: X | E16: 1.35 | F16: X | G16: 0.78 | I16: ='Tabela Base Casa 7 Brasil'!I14*'Indices de Tabelas'!$C$2 -> 1635.6383 | J16: =ROUNDDOWN((I16*(1-$C$274)*(1-$E$274)*(1-$G$274)),0) -> 1166 | K16: =I16*(1-$C$275)*(1-$E$275) -> 1214.625 | L16: =I16*(1-$C$276)*(1-$E$275) -> 1214.625 | M16: =I16*(1-$C$277) -> 1292.1543
B17: Madeirado / Envidraçado Barril | C17: 1.2 | D17: X | E17: 0.9 | F17: X | G17: 0.78 | I17: ='Tabela Base Casa 7 Brasil'!I15*'Indices de Tabelas'!$C$2 -> 1170.2128 | J17: =ROUNDDOWN((I17*(1-$C$274)*(1-$E$274)*(1-$G$274)),0) -> 834 | K17: =I17*(1-$C$275)*(1-$E$275) -> 869 | L17: =I17*(1-$C$276)*(1-$E$275) -> 869 | M17: =I17*(1-$C$277) -> 924.46809
B18: Madeirado / Envidraçado Redonda | C18: 1 | D18: X | E18: 1 | F18: X | G18: 0.78 | I18: ='Tabela Base Casa 7 Brasil'!I16*'Indices de Tabelas'!$C$2 -> 1162.8251 | J18: =ROUNDDOWN((I18*(1-$C$274)*(1-$E$274)*(1-$G$274)),0) -> 828 | K18: =I18*(1-$C$275)*(1-$E$275) -> 863.51389 | L18: =I18*(1-$C$276)*(1-$E$275) -> 863.51389 | M18: =I18*(1-$C$277) -> 918.6318
B19: Madeirado / Envidraçado Redonda | C19: 1.3 | D19: X | E19: 1.3 | F19: X | G19: 0.78 | I19: ='Tabela Base Casa 7 Brasil'!I17*'Indices de Tabelas'!$C$2 -> 1442.0804 | J19: =ROUNDDOWN((I19*(1-$C$274)*(1-$E$274)*(1-$G$274)),0) -> 1028 | K19: =I19*(1-$C$275)*(1-$E$275) -> 1070.8889 | L19: =I19*(1-$C$276)*(1-$E$275) -> 1070.8889 | M19: =I19*(1-$C$277) -> 1139.2435
A21: 7MJT005 MESA DE JANTAR TURN
B22: Acabamento Tampo | C22: Larg. | E22: Prof. | G22: Alt. | I22: Tabela | J22: Antecipado | K22: Á Vista : 21+6% | L22: 30 Dias : 21+3% | M22: 60 Dias : 21%
B23: Madeirado / Envidraçado Reto | C23: 1.2 | D23: X | E23: 0.9 | F23: X | G23: 0.78 | I23: ='Tabela Base Casa 7 Brasil'!I21*'Indices de Tabelas'!$C$2 -> 1223.4043 | J23: =ROUNDDOWN((I23*(1-$C$274)*(1-$E$274)*(1-$G$274)),0) -> 872 | K23: =I23*(1-$C$275)*(1-$E$275) -> 908.5 | L23: =I23*(1-$C$276)*(1-$E$275) -> 908.5 | M23: =I23*(1-$C$277) -> 966.48936
B24: Madeirado / Envidraçado Reto | C24: 1.4 | D24: X | E24: 0.9 | F24: X | G24: 0.78 | I24: ='Tabela Base Casa 7 Brasil'!I22*'Indices de Tabelas'!$C$2 -> 1276.5957 | J24: =ROUNDDOWN((I24*(1-$C$274)*(1-$E$274)*(1-$G$274)),0) -> 910 | K24: =I24*(1-$C$275)*(1-$E$275) -> 948 | L24: =I24*(1-$C$276)*(1-$E$275) -> 948 | M24: =I24*(1-$C$277) -> 1008.5106
B25: Madeirado / Envidraçado Reto | C25: 1.6 | D25: X | E25: 1 | F25: X | G25: 0.78 | I25: ='Tabela Base Casa 7 Brasil'!I23*'Indices de Tabelas'!$C$2 -> 1437.6478 | J25: =ROUNDDOWN((I25*(1-$C$274)*(1-$E$274)*(1-$G$274)),0) -> 1024 | K25: =I25*(1-$C$275)*(1-$E$275) -> 1067.5972 | L25: =I25*(1-$C$276)*(1-$E$275) -> 1067.5972 | M25: =I25*(1-$C$277) -> 1135.7417
B26: Madeirado / Envidraçado Reto | C26: 1.8 | D26: X | E26: 1 | F26: X | G26: 0.78 | I26: ='Tabela Base Casa 7 Brasil'!I24*'Indices de Tabelas'!$C$2 -> 1498.227 | J26: =ROUNDDOWN((I26*(1-$C$274)*(1-$E$274)*(1-$G$274)),0) -> 1068 | K26: =I26*(1-$C$275)*(1-$E$275) -> 1112.5833 | L26: =I26*(1-$C$276)*(1-$E$275) -> 1112.5833 | M26: =I26*(1-$C$277) -> 1183.5993
B27: Madeirado / Envidraçado Reto | C27: 2 | D27: X | E27: 1 | F27: X | G27: 0.78 | I27: ='Tabela Base Casa 7 Brasil'!I25*'Indices de Tabelas'!$C$2 -> 1561.7612 | J27: =ROUNDDOWN((I27*(1-$C$274)*(1-$E$274)*(1-$G$274)),0) -> 1113 | K27: =I27*(1-$C$275)*(1-$E$275) -> 1159.7639 | L27: =I27*(1-$C$276)*(1-$E$275) -> 1159.7639 | M27: =I27*(1-$C$277) -> 1233.7914
B28: Madeirado / Envidraçado Reto | C28: 2.2 | D28: X | E28: 1.1 | F28: X | G28: 0.78 | I28: ='Tabela Base Casa 7 Brasil'!I26*'Indices de Tabelas'!$C$2 -> 1767.1395 | J28: =ROUNDDOWN((I28*(1-$C$274)*(1-$E$274)*(1-$G$274)),0) -> 1259 | K28: =I28*(1-$C$275)*(1-$E$275) -> 1312.2778 | L28: =I28*(1-$C$276)*(1-$E$275) -> 1312.2778 | M28: =I28*(1-$C$277) -> 1396.0402
B29: Madeirado / Envidraçado Reto | C29: 1.35 | D29: X | E29: 1.35 | F29: X | G29: 0.78 | I29: ='Tabela Base Casa 7 Brasil'!I27*'Indices de Tabelas'!$C$2 -> 1496.7494 | J29: =ROUNDDOWN((I29*(1-$C$274)*(1-$E$274)*(1-$G$274)),0) -> 1067 | K29: =I29*(1-$C$275)*(1-$E$275) -> 1111.4861 | L29: =I29*(1-$C$276)*(1-$E$275) -> 1111.4861 | M29: =I29*(1-$C$277) -> 1182.432
B30: Madeirado / Envidraçado Moeda OU Copo | C30: 1.2 | D30: X | E30: 0.9 | F30: X | G30: 0.78 | I30: ='Tabela Base Casa 7 Brasil'!I28*'Indices de Tabelas'!$C$2 -> 1255.9102 | J30: =ROUNDDOWN((I30*(1-$C$274)*(1-$E$274)*(1-$G$274)),0) -> 895 | K30: =I30*(1-$C$275)*(1-$E$275) -> 932.63889 | L30: =I30*(1-$C$276)*(1-$E$275) -> 932.63889 | M30: =I30*(1-$C$277) -> 992.16903
B31: Madeirado / Envidraçado Moeda OU Copo | C31: 1.4 | D31: X | E31: 0.9 | F31: X | G31: 0.78 | I31: ='Tabela Base Casa 7 Brasil'!I29*'Indices de Tabelas'!$C$2 -> 1315.0118 | J31: =ROUNDDOWN((I31*(1-$C$274)*(1-$E$274)*(1-$G$274)),0) -> 937 | K31: =I31*(1-$C$275)*(1-$E$275) -> 976.52778 | L31: =I31*(1-$C$276)*(1-$E$275) -> 976.52778 | M31: =I31*(1-$C$277) -> 1038.8593
B32: Madeirado / Envidraçado Moeda OU Copo | C32: 1.6 | D32: X | E32: 1 | F32: X | G32: 0.78 | I32: ='Tabela Base Casa 7 Brasil'!I30*'Indices de Tabelas'!$C$2 -> 1486.4066 | J32: =ROUNDDOWN((I32*(1-$C$274)*(1-$E$274)*(1-$G$274)),0) -> 1059 | K32: =I32*(1-$C$275)*(1-$E$275) -> 1103.8056 | L32: =I32*(1-$C$276)*(1-$E$275) -> 1103.8056 | M32: =I32*(1-$C$277) -> 1174.2612
B33: Madeirado / Envidraçado Moeda OU Copo | C33: 1.8 | D33: X | E33: 1 | F33: X | G33: 0.78 | I33: ='Tabela Base Casa 7 Brasil'!I31*'Indices de Tabelas'!$C$2 -> 1578.0142 | J33: =ROUNDDOWN((I33*(1-$C$274)*(1-$E$274)*(1-$G$274)),0) -> 1124 | K33: =I33*(1-$C$275)*(1-$E$275) -> 1171.8333 | L33: =I33*(1-$C$276)*(1-$E$275) -> 1171.8333 | M33: =I33*(1-$C$277) -> 1246.6312
B34: Madeirado / Envidraçado Moeda OU Copo | C34: 2 | D34: X | E34: 1 | F34: X | G34: 0.78 | I34: ='Tabela Base Casa 7 Brasil'!I32*'Indices de Tabelas'!$C$2 -> 1647.4586 | J34: =ROUNDDOWN((I34*(1-$C$274)*(1-$E$274)*(1-$G$274)),0) -> 1174 | K34: =I34*(1-$C$275)*(1-$E$275) -> 1223.4028 | L34: =I34*(1-$C$276)*(1-$E$275) -> 1223.4028 | M34: =I34*(1-$C$277) -> 1301.4923
B35: Madeirado / Envidraçado Moeda OU Copo | C35: 2.2 | D35: X | E35: 1.1 | F35: X | G35: 0.78 | H35: 0.78 | I35: ='Tabela Base Casa 7 Brasil'!I33*'Indices de Tabelas'!$C$2 -> 1945.922 | J35: =ROUNDDOWN((I35*(1-$C$274)*(1-$E$274)*(1-$G$274)),0) -> 1387 | K35: =I35*(1-$C$275)*(1-$E$275) -> 1445.0417 | L35: =I35*(1-$C$276)*(1-$E$275) -> 1445.0417 | M35: =I35*(1-$C$277) -> 1537.2784
B36: Madeirado / Envidraçado Moeda OU Copo | C36: 1.35 | D36: X | E36: 1.35 | F36: X | G36: 0.78 | I36: ='Tabela Base Casa 7 Brasil'!I34*'Indices de Tabelas'!$C$2 -> 1631.2057 | J36: =ROUNDDOWN((I36*(1-$C$274)*(1-$E$274)*(1-$G$274)),0) -> 1162 | K36: =I36*(1-$C$275)*(1-$E$275) -> 1211.3333 | L36: =I36*(1-$C$276)*(1-$E$275) -> 1211.3333 | M36: =I36*(1-$C$277) -> 1288.6525
B37: Madeirado / Envidraçado Barril | C37: 1.2 | D37: X | E37: 0.9 | F37: X | G37: 0.78 | I37: ='Tabela Base Casa 7 Brasil'!I35*'Indices de Tabelas'!$C$2 -> 1255.9102 | J37: =ROUNDDOWN((I37*(1-$C$274)*(1-$E$274)*(1-$G$274)),0) -> 895 | K37: =I37*(1-$C$275)*(1-$E$275) -> 932.63889 | L37: =I37*(1-$C$276)*(1-$E$275) -> 932.63889 | M37: =I37*(1-$C$277) -> 992.16903
B38: Madeirado / Envidraçado Barril | C38: 1.8 | D38: X | E38: 1 | F38: X | G38: 0.78 | I38: ='Tabela Base Casa 7 Brasil'!I36*'Indices de Tabelas'!$C$2 -> 1578.0142 | J38: =ROUNDDOWN((I38*(1-$C$274)*(1-$E$274)*(1-$G$274)),0) -> 1124 | K38: =I38*(1-$C$275)*(1-$E$275) -> 1171.8333 | L38: =I38*(1-$C$276)*(1-$E$275) -> 1171.8333 | M38: =I38*(1-$C$277) -> 1246.6312
A40: 7MJT015 MESA DE JANTAR MONARCA
B41: Acabamento Tampo | C41: Larg. | E41: Prof. | G41: Alt. | I41: Tabela | J41: Antecipado | K41: Á Vista : 21+6% | L41: 30 Dias : 21+3% | M41: 60 Dias : 21%
B42: Madeirado / Envidraçado Redondo | C42: 1.2 | D42: X | E42: 1.2 | F42: X | G42: 0.78 | I42: ='Tabela Base Casa 7 Brasil'!I40*'Indices de Tabelas'!$C$2 -> 1753.8416 | J42: =ROUNDDOWN((I42*(1-$C$274)*(1-$E$274)*(1-$G$274)),0) -> 1250 | K42: =I42*(1-$C$275)*(1-$E$275) -> 1302.4028 | L42: =I42*(1-$C$276)*(1-$E$275) -> 1302.4028 | M42: =I42*(1-$C$277) -> 1385.5349
B43: Madeirado / Envidraçado Redondo | C43: 1.3 | D43: X | E43: 1.3 | F43: X | G43: 0.78 | I43: ='Tabela Base Casa 7 Brasil'!I41*'Indices de Tabelas'!$C$2 -> 1824.7636 | J43: =ROUNDDOWN((I43*(1-$C$274)*(1-$E$274)*(1-$G$274)),0) -> 1300 | K43: =I43*(1-$C$275)*(1-$E$275) -> 1355.0694 | L43: =I43*(1-$C$276)*(1-$E$275) -> 1355.0694 | M43: =I43*(1-$C$277) -> 1441.5632
B44: Madeirado / Envidraçado Redondo | C44: 1.5 | D44: X | E44: 1.5 | F44: X | G44: 0.78 | I44: ='Tabela Base Casa 7 Brasil'!I42*'Indices de Tabelas'!$C$2 -> 2106.974 | J44: =ROUNDDOWN((I44*(1-$C$274)*(1-$E$274)*(1-$G$274)),0) -> 1502 | K44: =I44*(1-$C$275)*(1-$E$275) -> 1564.6389 | L44: =I44*(1-$C$276)*(1-$E$275) -> 1564.6389 | M44: =I44*(1-$C$277) -> 1664.5095
A46: 7MJT016 MESA DE JANTAR DIAMANTE
B47: Acabamento Tampo | C47: Larg. | E47: Prof. | G47: Alt. | I47: Tabela | J47: Antecipado | K47: Á Vista : 21+6% | L47: 30 Dias : 21+3% | M47: 60 Dias : 21%
B48: Madeirado / Envidraçado Reto | C48: 1.8 | D48: X | E48: 1 | F48: X | G48: 0.78 | I48: ='Tabela Base Casa 7 Brasil'!I46*'Indices de Tabelas'!$C$2 -> 1663.7116 | J48: =ROUNDDOWN((I48*(1-$C$274)*(1-$E$274)*(1-$G$274)),0) -> 1186 | K48: =I48*(1-$C$275)*(1-$E$275) -> 1235.4722 | L48: =I48*(1-$C$276)*(1-$E$275) -> 1235.4722 | M48: =I48*(1-$C$277) -> 1314.3322
B49: Madeirado / Envidraçado Reto | C49: 2 | D49: X | E49: 1 | F49: X | G49: 0.78 | I49: ='Tabela Base Casa 7 Brasil'!I47*'Indices de Tabelas'!$C$2 -> 1814.4208 | J49: =ROUNDDOWN((I49*(1-$C$274)*(1-$E$274)*(1-$G$274)),0) -> 1293 | K49: =I49*(1-$C$275)*(1-$E$275) -> 1347.3889 | L49: =I49*(1-$C$276)*(1-$E$275) -> 1347.3889 | M49: =I49*(1-$C$277) -> 1433.3924
B50: Madeirado / Envidraçado Reto | C50: 2.2 | D50: X | E50: 1 | F50: X | G50: 0.78 | I50: ='Tabela Base Casa 7 Brasil'!I48*'Indices de Tabelas'!$C$2 -> 1976.9504 | J50: =ROUNDDOWN((I50*(1-$C$274)*(1-$E$274)*(1-$G$274)),0) -> 1409 | K50: =I50*(1-$C$275)*(1-$E$275) -> 1468.0833 | L50: =I50*(1-$C$276)*(1-$E$275) -> 1468.0833 | M50: =I50*(1-$C$277) -> 1561.7908
B51: Madeirado / Envidraçado Reto | C51: 2.4 | D51: X | E51: 1.2 | F51: X | G51: 0.78 | I51: ='Tabela Base Casa 7 Brasil'!I49*'Indices de Tabelas'!$C$2 -> 2208.9243 | J51: =ROUNDDOWN((I51*(1-$C$274)*(1-$E$274)*(1-$G$274)),0) -> 1574 | K51: =I51*(1-$C$275)*(1-$E$275) -> 1640.3472 | L51: =I51*(1-$C$276)*(1-$E$275) -> 1640.3472 | M51: =I51*(1-$C$277) -> 1745.0502
B52: Madeirado / Envidraçado Reto | C52: 2.6 | D52: X | E52: 1.2 | F52: X | G52: 0.78 | I52: ='Tabela Base Casa 7 Brasil'!I50*'Indices de Tabelas'!$C$2 -> 2429.078 | J52: =ROUNDDOWN((I52*(1-$C$274)*(1-$E$274)*(1-$G$274)),0) -> 1731 | K52: =I52*(1-$C$275)*(1-$E$275) -> 1803.8333 | L52: =I52*(1-$C$276)*(1-$E$275) -> 1803.8333 | M52: =I52*(1-$C$277) -> 1918.9716
B53: Madeirado / Envidraçado Reto | C53: 2.73 | D53: X | E53: 1.2 | F53: X | G53: 0.78 | I53: ='Tabela Base Casa 7 Brasil'!I51*'Indices de Tabelas'!$C$2 -> 2729.0189 | J53: =ROUNDDOWN((I53*(1-$C$274)*(1-$E$274)*(1-$G$274)),0) -> 1945 | K53: =I53*(1-$C$275)*(1-$E$275) -> 2026.5694 | L53: =I53*(1-$C$276)*(1-$E$275) -> 2026.5694 | M53: =I53*(1-$C$277) -> 2155.9249
B54: Madeirado / Envidraçado Moeda OU Copo | C54: 1.8 | D54: X | E54: 1 | F54: X | G54: 0.78 | I54: ='Tabela Base Casa 7 Brasil'!I52*'Indices de Tabelas'!$C$2 -> 1764.1844 | J54: =ROUNDDOWN((I54*(1-$C$274)*(1-$E$274)*(1-$G$274)),0) -> 1257 | K54: =I54*(1-$C$275)*(1-$E$275) -> 1310.0833 | L54: =I54*(1-$C$276)*(1-$E$275) -> 1310.0833 | M54: =I54*(1-$C$277) -> 1393.7057
B55: Madeirado / Envidraçado Moeda OU Copo | C55: 2 | D55: X | E55: 1 | F55: X | G55: 0.78 | I55: ='Tabela Base Casa 7 Brasil'!I53*'Indices de Tabelas'!$C$2 -> 1922.2813 | J55: =ROUNDDOWN((I55*(1-$C$274)*(1-$E$274)*(1-$G$274)),0) -> 1370 | K55: =I55*(1-$C$275)*(1-$E$275) -> 1427.4861 | L55: =I55*(1-$C$276)*(1-$E$275) -> 1427.4861 | M55: =I55*(1-$C$277) -> 1518.6022
B56: Madeirado / Envidraçado Moeda OU Copo | C56: 2.2 | D56: X | E56: 1 | F56: X | G56: 0.78 | I56: ='Tabela Base Casa 7 Brasil'!I54*'Indices de Tabelas'!$C$2 -> 2096.6312 | J56: =ROUNDDOWN((I56*(1-$C$274)*(1-$E$274)*(1-$G$274)),0) -> 1494 | K56: =I56*(1-$C$275)*(1-$E$275) -> 1556.9583 | L56: =I56*(1-$C$276)*(1-$E$275) -> 1556.9583 | M56: =I56*(1-$C$277) -> 1656.3387
B57: Madeirado / Envidraçado Moeda OU Copo | C57: 2.4 | D57: X | E57: 1.2 | F57: X | G57: 0.78 | I57: ='Tabela Base Casa 7 Brasil'!I55*'Indices de Tabelas'!$C$2 -> 2395.0946 | J57: =ROUNDDOWN((I57*(1-$C$274)*(1-$E$274)*(1-$G$274)),0) -> 1707 | K57: =I57*(1-$C$275)*(1-$E$275) -> 1778.5972 | L57: =I57*(1-$C$276)*(1-$E$275) -> 1778.5972 | M57: =I57*(1-$C$277) -> 1892.1247
B58: Madeirado / Envidraçado Moeda OU Copo | C58: 2.6 | D58: X | E58: 1.2 | F58: X | G58: 0.78 | I58: ='Tabela Base Casa 7 Brasil'!I56*'Indices de Tabelas'!$C$2 -> 2696.513 | J58: =ROUNDDOWN((I58*(1-$C$274)*(1-$E$274)*(1-$G$274)),0) -> 1922 | K58: =I58*(1-$C$275)*(1-$E$275) -> 2002.4306 | L58: =I58*(1-$C$276)*(1-$E$275) -> 2002.4306 | M58: =I58*(1-$C$277) -> 2130.2453
B59: Madeirado / Envidraçado Moeda OU Copo | C59: 2.73 | D59: X | E59: 1.2 | F59: X | G59: 0.78 | I59: ='Tabela Base Casa 7 Brasil'!I57*'Indices de Tabelas'!$C$2 -> 2990.5437 | J59: =ROUNDDOWN((I59*(1-$C$274)*(1-$E$274)*(1-$G$274)),0) -> 2131 | K59: =I59*(1-$C$275)*(1-$E$275) -> 2220.7778 | L59: =I59*(1-$C$276)*(1-$E$275) -> 2220.7778 | M59: =I59*(1-$C$277) -> 2362.5296
A61: 7MJT013 MESA DE JANTAR STYLUS
B62: Acabamento Tampo | C62: Larg. | E62: Prof. | G62: Alt. | I62: Tabela | J62: Antecipado | K62: Á Vista : 21+6% | L62: 30 Dias : 21+3% | M62: 60 Dias : 21%
B63: Madeirado / Envidraçado Reto | C63: 1.8 | D63: X | E63: 1 | F63: X | G63: 0.78 | I63: ='Tabela Base Casa 7 Brasil'!I61*'Indices de Tabelas'!$C$2 -> 2012.4113 | J63: =ROUNDDOWN((I63*(1-$C$274)*(1-$E$274)*(1-$G$274)),0) -> 1434 | K63: =I63*(1-$C$275)*(1-$E$275) -> 1494.4167 | L63: =I63*(1-$C$276)*(1-$E$275) -> 1494.4167 | M63: =I63*(1-$C$277) -> 1589.805
B64: Madeirado / Envidraçado Reto | C64: 2 | D64: X | E64: 1 | F64: X | G64: 0.78 | I64: ='Tabela Base Casa 7 Brasil'!I62*'Indices de Tabelas'!$C$2 -> 2180.8511 | J64: =ROUNDDOWN((I64*(1-$C$274)*(1-$E$274)*(1-$G$274)),0) -> 1554 | K64: =I64*(1-$C$275)*(1-$E$275) -> 1619.5 | L64: =I64*(1-$C$276)*(1-$E$275) -> 1619.5 | M64: =I64*(1-$C$277) -> 1722.8723
B65: Madeirado / Envidraçado Reto | C65: 2.2 | D65: X | E65: 1 | F65: X | G65: 0.78 | I65: ='Tabela Base Casa 7 Brasil'!I63*'Indices de Tabelas'!$C$2 -> 2610.8156 | J65: =ROUNDDOWN((I65*(1-$C$274)*(1-$E$274)*(1-$G$274)),0) -> 1861 | K65: =I65*(1-$C$275)*(1-$E$275) -> 1938.7917 | L65: =I65*(1-$C$276)*(1-$E$275) -> 1938.7917 | M65: =I65*(1-$C$277) -> 2062.5443
B66: Madeirado / Envidraçado Reto | C66: 2.4 | D66: X | E66: 1.2 | F66: X | G66: 0.78 | I66: ='Tabela Base Casa 7 Brasil'!I64*'Indices de Tabelas'!$C$2 -> 2850.1773 | J66: =ROUNDDOWN((I66*(1-$C$274)*(1-$E$274)*(1-$G$274)),0) -> 2031 | K66: =I66*(1-$C$275)*(1-$E$275) -> 2116.5417 | L66: =I66*(1-$C$276)*(1-$E$275) -> 2116.5417 | M66: =I66*(1-$C$277) -> 2251.6401
B67: Madeirado / Envidraçado Reto | C67: 2.6 | D67: X | E67: 1.2 | F67: X | G67: 0.78 | I67: ='Tabela Base Casa 7 Brasil'!I65*'Indices de Tabelas'!$C$2 -> 3145.6856 | J67: =ROUNDDOWN((I67*(1-$C$274)*(1-$E$274)*(1-$G$274)),0) -> 2242 | K67: =I67*(1-$C$275)*(1-$E$275) -> 2335.9861 | L67: =I67*(1-$C$276)*(1-$E$275) -> 2335.9861 | M67: =I67*(1-$C$277) -> 2485.0916
B68: Madeirado / Envidraçado Reto | C68: 2.73 | D68: X | E68: 1.2 | F68: X | G68: 0.78 | I68: ='Tabela Base Casa 7 Brasil'!I66*'Indices de Tabelas'!$C$2 -> 3433.8061 | J68: =ROUNDDOWN((I68*(1-$C$274)*(1-$E$274)*(1-$G$274)),0) -> 2447 | K68: =I68*(1-$C$275)*(1-$E$275) -> 2549.9444 | L68: =I68*(1-$C$276)*(1-$E$275) -> 2549.9444 | M68: =I68*(1-$C$277) -> 2712.7069
B69: Madeirado / Envidraçado Moeda OU Copo | C69: 1.8 | D69: X | E69: 1 | F69: X | G69: 0.78 | I69: ='Tabela Base Casa 7 Brasil'!I67*'Indices de Tabelas'!$C$2 -> 2436.4657 | J69: =ROUNDDOWN((I69*(1-$C$274)*(1-$E$274)*(1-$G$274)),0) -> 1736 | K69: =I69*(1-$C$275)*(1-$E$275) -> 1809.3194 | L69: =I69*(1-$C$276)*(1-$E$275) -> 1809.3194 | M69: =I69*(1-$C$277) -> 1924.8079
B70: Madeirado / Envidraçado Moeda OU Copo | C70: 2 | D70: X | E70: 1 | F70: X | G70: 0.78 | I70: ='Tabela Base Casa 7 Brasil'!I68*'Indices de Tabelas'!$C$2 -> 2569.4444 | J70: =ROUNDDOWN((I70*(1-$C$274)*(1-$E$274)*(1-$G$274)),0) -> 1831 | K70: =I70*(1-$C$275)*(1-$E$275) -> 1908.0694 | L70: =I70*(1-$C$276)*(1-$E$275) -> 1908.0694 | M70: =I70*(1-$C$277) -> 2029.8611
B71: Madeirado / Envidraçado Moeda OU Copo | C71: 2.2 | D71: X | E71: 1 | F71: X | G71: 0.78 | I71: ='Tabela Base Casa 7 Brasil'!I69*'Indices de Tabelas'!$C$2 -> 2807.3286 | J71: =ROUNDDOWN((I71*(1-$C$274)*(1-$E$274)*(1-$G$274)),0) -> 2001 | K71: =I71*(1-$C$275)*(1-$E$275) -> 2084.7222 | L71: =I71*(1-$C$276)*(1-$E$275) -> 2084.7222 | M71: =I71*(1-$C$277) -> 2217.7896
B72: Madeirado / Envidraçado Moeda OU Copo | C72: 2.4 | D72: X | E72: 1.2 | F72: X | G72: 0.78 | I72: ='Tabela Base Casa 7 Brasil'!I70*'Indices de Tabelas'!$C$2 -> 2807.3286 | J72: =ROUNDDOWN((I72*(1-$C$274)*(1-$E$274)*(1-$G$274)),0) -> 2001 | K72: =I72*(1-$C$275)*(1-$E$275) -> 2084.7222 | L72: =I72*(1-$C$276)*(1-$E$275) -> 2084.7222 | M72: =I72*(1-$C$277) -> 2217.7896
B73: Madeirado / Envidraçado Moeda OU Copo | C73: 2.6 | D73: X | E73: 1.2 | F73: X | G73: 0.78 | I73: ='Tabela Base Casa 7 Brasil'!I71*'Indices de Tabelas'!$C$2 -> 3210.6974 | J73: =ROUNDDOWN((I73*(1-$C$274)*(1-$E$274)*(1-$G$274)),0) -> 2288 | K73: =I73*(1-$C$275)*(1-$E$275) -> 2384.2639 | L73: =I73*(1-$C$276)*(1-$E$275) -> 2384.2639 | M73: =I73*(1-$C$277) -> 2536.4509
B74: Madeirado / Envidraçado Moeda OU Copo | C74: 2.73 | D74: X | E74: 1.2 | F74: X | G74: 0.78 | I74: ='Tabela Base Casa 7 Brasil'!I72*'Indices de Tabelas'!$C$2 -> 3501.773 | J74: =ROUNDDOWN((I74*(1-$C$274)*(1-$E$274)*(1-$G$274)),0) -> 2496 | K74: =I74*(1-$C$275)*(1-$E$275) -> 2600.4167 | L74: =I74*(1-$C$276)*(1-$E$275) -> 2600.4167 | M74: =I74*(1-$C$277) -> 2766.4007
A76: 7MJT014 MESA DE JANTAR COLISEU
B77: Acabamento Tampo | C77: Larg. | E77: Prof. | G77: Alt. | I77: Tabela | J77: Antecipado | K77: Á Vista : 21+6% | L77: 30 Dias : 21+3% | M77: 60 Dias : 21%
B78: Madeirado / Envidraçado Reto | C78: 1.8 | D78: X | E78: 1 | F78: X | G78: 0.78 | I78: ='Tabela Base Casa 7 Brasil'!I76*'Indices de Tabelas'!$C$2 -> 1969.5626 | J78: =ROUNDDOWN((I78*(1-$C$274)*(1-$E$274)*(1-$G$274)),0) -> 1404 | K78: =I78*(1-$C$275)*(1-$E$275) -> 1462.5972 | L78: =I78*(1-$C$276)*(1-$E$275) -> 1462.5972 | M78: =I78*(1-$C$277) -> 1555.9545
B79: Madeirado / Envidraçado Reto | C79: 2 | D79: X | E79: 1 | F79: X | G79: 0.78 | I79: ='Tabela Base Casa 7 Brasil'!I77*'Indices de Tabelas'!$C$2 -> 2161.643 | J79: =ROUNDDOWN((I79*(1-$C$274)*(1-$E$274)*(1-$G$274)),0) -> 1541 | K79: =I79*(1-$C$275)*(1-$E$275) -> 1605.2361 | L79: =I79*(1-$C$276)*(1-$E$275) -> 1605.2361 | M79: =I79*(1-$C$277) -> 1707.698
B80: Madeirado / Envidraçado Reto | C80: 2.2 | D80: X | E80: 1 | F80: X | G80: 0.78 | I80: ='Tabela Base Casa 7 Brasil'!I78*'Indices de Tabelas'!$C$2 -> 2579.7872 | J80: =ROUNDDOWN((I80*(1-$C$274)*(1-$E$274)*(1-$G$274)),0) -> 1839 | K80: =I80*(1-$C$275)*(1-$E$275) -> 1915.75 | L80: =I80*(1-$C$276)*(1-$E$275) -> 1915.75 | M80: =I80*(1-$C$277) -> 2038.0319
B81: Madeirado / Envidraçado Reto | C81: 2.4 | D81: X | E81: 1.2 | F81: X | G81: 0.78 | I81: ='Tabela Base Casa 7 Brasil'!I79*'Indices de Tabelas'!$C$2 -> 2820.6265 | J81: =ROUNDDOWN((I81*(1-$C$274)*(1-$E$274)*(1-$G$274)),0) -> 2010 | K81: =I81*(1-$C$275)*(1-$E$275) -> 2094.5972 | L81: =I81*(1-$C$276)*(1-$E$275) -> 2094.5972 | M81: =I81*(1-$C$277) -> 2228.2949
B82: Madeirado / Envidraçado Reto | C82: 2.6 | D82: X | E82: 1.2 | F82: X | G82: 0.78 | I82: ='Tabela Base Casa 7 Brasil'!I80*'Indices de Tabelas'!$C$2 -> 2937.3522 | J82: =ROUNDDOWN((I82*(1-$C$274)*(1-$E$274)*(1-$G$274)),0) -> 2094 | K82: =I82*(1-$C$275)*(1-$E$275) -> 2181.2778 | L82: =I82*(1-$C$276)*(1-$E$275) -> 2181.2778 | M82: =I82*(1-$C$277) -> 2320.5083
B83: Madeirado / Envidraçado Reto | C83: 2.73 | D83: X | E83: 1.2 | F83: X | G83: 0.78 | I83: ='Tabela Base Casa 7 Brasil'!I81*'Indices de Tabelas'!$C$2 -> 3088.0615 | J83: =ROUNDDOWN((I83*(1-$C$274)*(1-$E$274)*(1-$G$274)),0) -> 2201 | K83: =I83*(1-$C$275)*(1-$E$275) -> 2293.1944 | L83: =I83*(1-$C$276)*(1-$E$275) -> 2293.1944 | M83: =I83*(1-$C$277) -> 2439.5686
B84: Madeirado / Envidraçado Moeda OU Copo | C84: 1.8 | D84: X | E84: 1 | F84: X | G84: 0.78 | I84: ='Tabela Base Casa 7 Brasil'!I82*'Indices de Tabelas'!$C$2 -> 2396.5721 | J84: =ROUNDDOWN((I84*(1-$C$274)*(1-$E$274)*(1-$G$274)),0) -> 1708 | K84: =I84*(1-$C$275)*(1-$E$275) -> 1779.6944 | L84: =I84*(1-$C$276)*(1-$E$275) -> 1779.6944 | M84: =I84*(1-$C$277) -> 1893.292
B85: Madeirado / Envidraçado Moeda OU Copo | C85: 2 | D85: X | E85: 1 | F85: X | G85: 0.78 | I85: ='Tabela Base Casa 7 Brasil'!I83*'Indices de Tabelas'!$C$2 -> 2525.1182 | J85: =ROUNDDOWN((I85*(1-$C$274)*(1-$E$274)*(1-$G$274)),0) -> 1800 | K85: =I85*(1-$C$275)*(1-$E$275) -> 1875.1528 | L85: =I85*(1-$C$276)*(1-$E$275) -> 1875.1528 | M85: =I85*(1-$C$277) -> 1994.8434
B86: Madeirado / Envidraçado Moeda OU Copo | C86: 2.2 | D86: X | E86: 1 | F86: X | G86: 0.78 | I86: ='Tabela Base Casa 7 Brasil'!I84*'Indices de Tabelas'!$C$2 -> 2776.3002 | J86: =ROUNDDOWN((I86*(1-$C$274)*(1-$E$274)*(1-$G$274)),0) -> 1979 | K86: =I86*(1-$C$275)*(1-$E$275) -> 2061.6806 | L86: =I86*(1-$C$276)*(1-$E$275) -> 2061.6806 | M86: =I86*(1-$C$277) -> 2193.2772
B87: Madeirado / Envidraçado Moeda OU Copo | C87: 2.4 | D87: X | E87: 1.2 | F87: X | G87: 0.78 | I87: ='Tabela Base Casa 7 Brasil'!I85*'Indices de Tabelas'!$C$2 -> 3027.4823 | J87: =ROUNDDOWN((I87*(1-$C$274)*(1-$E$274)*(1-$G$274)),0) -> 2158 | K87: =I87*(1-$C$275)*(1-$E$275) -> 2248.2083 | L87: =I87*(1-$C$276)*(1-$E$275) -> 2248.2083 | M87: =I87*(1-$C$277) -> 2391.711
B88: Madeirado / Envidraçado Moeda OU Copo | C88: 2.6 | D88: X | E88: 1.2 | F88: X | G88: 0.78 | I88: ='Tabela Base Casa 7 Brasil'!I86*'Indices de Tabelas'!$C$2 -> 3156.0284 | J88: =ROUNDDOWN((I88*(1-$C$274)*(1-$E$274)*(1-$G$274)),0) -> 2249 | K88: =I88*(1-$C$275)*(1-$E$275) -> 2343.6667 | L88: =I88*(1-$C$276)*(1-$E$275) -> 2343.6667 | M88: =I88*(1-$C$277) -> 2493.2624
B89: Madeirado / Envidraçado Moeda OU Copo | C89: 2.73 | D89: X | E89: 1.2 | F89: X | G89: 0.78 | I89: ='Tabela Base Casa 7 Brasil'!I87*'Indices de Tabelas'!$C$2 -> 3445.6265 | J89: =ROUNDDOWN((I89*(1-$C$274)*(1-$E$274)*(1-$G$274)),0) -> 2456 | K89: =I89*(1-$C$275)*(1-$E$275) -> 2558.7222 | L89: =I89*(1-$C$276)*(1-$E$275) -> 2558.7222 | M89: =I89*(1-$C$277) -> 2722.0449
... B91: Madeirado / Envidraçado Moeda OU Copo | C91: 1.5 | D91: X | E91: 1.5 | F91: X | G91: 0.78 | I91: ='Tabela Base Casa 7 Brasil'!I89*'Indices de Tabelas'!$C$2 -> 2028.6643 | J91: =ROUNDDOWN((I91*(1-$C$274)*(1-$E$274)*(1-$G$274)),0) -> 1446 | K91: =I91*(1-$C$275)*(1-$E$275) -> 1506.4861 | L91: =I91*(1-$C$276)*(1-$E$275) -> 1506.4861 | M91: =I91*(1-$C$277) -> 1602.6448
A93: 7MJT011 MESA DE JANTAR GRIFE
B94: Acabamento Tampo | C94: Larg. | E94: Prof. | G94: Alt. | I94: Tabela | J94: Antecipado | K94: Á Vista : 21+6% | L94: 30 Dias : 21+3% | M94: 60 Dias : 21%
B95: Madeirado / Envidraçado Reto | C95: 1.8 | D95: X | E95: 1 | F95: X | G95: 0.78 | I95: ='Tabela Base Casa 7 Brasil'!I93*'Indices de Tabelas'!$C$2 -> 1672.5768 | J95: =ROUNDDOWN((I95*(1-$C$274)*(1-$E$274)*(1-$G$274)),0) -> 1192 | K95: =I95*(1-$C$275)*(1-$E$275) -> 1242.0556 | L95: =I95*(1-$C$276)*(1-$E$275) -> 1242.0556 | M95: =I95*(1-$C$277) -> 1321.3357
B96: Madeirado / Envidraçado Reto | C96: 2 | D96: X | E96: 1 | F96: X | G96: 0.78 | I96: ='Tabela Base Casa 7 Brasil'!I94*'Indices de Tabelas'!$C$2 -> 1807.0331 | J96: =ROUNDDOWN((I96*(1-$C$274)*(1-$E$274)*(1-$G$274)),0) -> 1288 | K96: =I96*(1-$C$275)*(1-$E$275) -> 1341.9028 | L96: =I96*(1-$C$276)*(1-$E$275) -> 1341.9028 | M96: =I96*(1-$C$277) -> 1427.5561
B97: Madeirado / Envidraçado Reto | C97: 2.2 | D97: X | E97: 1 | F97: X | G97: 0.78 | I97: ='Tabela Base Casa 7 Brasil'!I95*'Indices de Tabelas'!$C$2 -> 2010.9338 | J97: =ROUNDDOWN((I97*(1-$C$274)*(1-$E$274)*(1-$G$274)),0) -> 1433 | K97: =I97*(1-$C$275)*(1-$E$275) -> 1493.3194 | L97: =I97*(1-$C$276)*(1-$E$275) -> 1493.3194 | M97: =I97*(1-$C$277) -> 1588.6377
B98: Madeirado / Envidraçado Reto | C98: 2.4 | D98: X | E98: 1.2 | F98: X | G98: 0.78 | I98: ='Tabela Base Casa 7 Brasil'!I96*'Indices de Tabelas'!$C$2 -> 2337.4704 | J98: =ROUNDDOWN((I98*(1-$C$274)*(1-$E$274)*(1-$G$274)),0) -> 1666 | K98: =I98*(1-$C$275)*(1-$E$275) -> 1735.8056 | L98: =I98*(1-$C$276)*(1-$E$275) -> 1735.8056 | M98: =I98*(1-$C$277) -> 1846.6017
B99: Madeirado / Envidraçado Reto | C99: 2.6 | D99: X | E99: 1.2 | F99: X | G99: 0.78 | I99: ='Tabela Base Casa 7 Brasil'!I97*'Indices de Tabelas'!$C$2 -> 2635.9338 | J99: =ROUNDDOWN((I99*(1-$C$274)*(1-$E$274)*(1-$G$274)),0) -> 1879 | K99: =I99*(1-$C$275)*(1-$E$275) -> 1957.4444 | L99: =I99*(1-$C$276)*(1-$E$275) -> 1957.4444 | M99: =I99*(1-$C$277) -> 2082.3877
B100: Madeirado / Envidraçado Reto | C100: 2.73 | D100: X | E100: 1.2 | F100: X | G100: 0.78 | I100: ='Tabela Base Casa 7 Brasil'!I98*'Indices de Tabelas'!$C$2 -> 2931.4421 | J100: =ROUNDDOWN((I100*(1-$C$274)*(1-$E$274)*(1-$G$274)),0) -> 2089 | K100: =I100*(1-$C$275)*(1-$E$275) -> 2176.8889 | L100: =I100*(1-$C$276)*(1-$E$275) -> 2176.8889 | M100: =I100*(1-$C$277) -> 2315.8392
B101: Madeirado / Envidraçado Moeda OU Copo | C101: 1.8 | D101: X | E101: 1 | F101: X | G101: 0.78 | I101: ='Tabela Base Casa 7 Brasil'!I99*'Indices de Tabelas'!$C$2 -> 1923.7589 | J101: =ROUNDDOWN((I101*(1-$C$274)*(1-$E$274)*(1-$G$274)),0) -> 1371 | K101: =I101*(1-$C$275)*(1-$E$275) -> 1428.5833 | L101: =I101*(1-$C$276)*(1-$E$275) -> 1428.5833 | M101: =I101*(1-$C$277) -> 1519.7695
B102: Madeirado / Envidraçado Moeda OU Copo | C102: 2 | D102: X | E102: 1 | F102: X | G102: 0.78 | I102: ='Tabela Base Casa 7 Brasil'!I100*'Indices de Tabelas'!$C$2 -> 2056.7376 | J102: =ROUNDDOWN((I102*(1-$C$274)*(1-$E$274)*(1-$G$274)),0) -> 1466 | K102: =I102*(1-$C$275)*(1-$E$275) -> 1527.3333 | L102: =I102*(1-$C$276)*(1-$E$275) -> 1527.3333 | M102: =I102*(1-$C$277) -> 1624.8227
B103: Madeirado / Envidraçado Moeda OU Copo | C103: 2.2 | D103: X | E103: 1 | F103: X | G103: 0.78 | I103: ='Tabela Base Casa 7 Brasil'!I101*'Indices de Tabelas'!$C$2 -> 2293.1442 | J103: =ROUNDDOWN((I103*(1-$C$274)*(1-$E$274)*(1-$G$274)),0) -> 1634 | K103: =I103*(1-$C$275)*(1-$E$275) -> 1702.8889 | L103: =I103*(1-$C$276)*(1-$E$275) -> 1702.8889 | M103: =I103*(1-$C$277) -> 1811.5839
B104: Madeirado / Envidraçado Moeda OU Copo | C104: 2.4 | D104: X | E104: 1.2 | F104: X | G104: 0.78 | I104: ='Tabela Base Casa 7 Brasil'!I102*'Indices de Tabelas'!$C$2 -> 2467.4941 | J104: =ROUNDDOWN((I104*(1-$C$274)*(1-$E$274)*(1-$G$274)),0) -> 1759 | K104: =I104*(1-$C$275)*(1-$E$275) -> 1832.3611 | L104: =I104*(1-$C$276)*(1-$E$275) -> 1832.3611 | M104: =I104*(1-$C$277) -> 1949.3203
B105: Madeirado / Envidraçado Moeda OU Copo | C105: 2.6 | D105: X | E105: 1.2 | F105: X | G105: 0.78 | I105: ='Tabela Base Casa 7 Brasil'!I103*'Indices de Tabelas'!$C$2 -> 2697.9905 | J105: =ROUNDDOWN((I105*(1-$C$274)*(1-$E$274)*(1-$G$274)),0) -> 1923 | K105: =I105*(1-$C$275)*(1-$E$275) -> 2003.5278 | L105: =I105*(1-$C$276)*(1-$E$275) -> 2003.5278 | M105: =I105*(1-$C$277) -> 2131.4125
B106: Madeirado / Envidraçado Moeda OU Copo | C106: 2.6 | D106: X | E106: 1.2 | F106: X | G106: 0.78 | I106: ='Tabela Base Casa 7 Brasil'!I104*'Indices de Tabelas'!$C$2 -> 2993.4988 | J106: =ROUNDDOWN((I106*(1-$C$274)*(1-$E$274)*(1-$G$274)),0) -> 2134 | K106: =I106*(1-$C$275)*(1-$E$275) -> 2222.9722 | L106: =I106*(1-$C$276)*(1-$E$275) -> 2222.9722 | M106: =I106*(1-$C$277) -> 2364.8641
A108: 7MJT010 MESA DE JANTAR RAIZ
B109: Acabamento Tampo | C109: Larg. | E109: Prof. | G109: Alt. | I109: Tabela | J109: Antecipado | K109: Á Vista : 21+6% | L109: 30 Dias : 21+3% | M109: 60 Dias : 21%
B110: Madeirado / Envidraçado Reto | C110: 1.8 | D110: X | E110: 1 | F110: X | G110: 0.78 | I110: ='Tabela Base Casa 7 Brasil'!I108*'Indices de Tabelas'!$C$2 -> 1963.6525 | J110: =ROUNDDOWN((I110*(1-$C$274)*(1-$E$274)*(1-$G$274)),0) -> 1399 | K110: =I110*(1-$C$275)*(1-$E$275) -> 1458.2083 | L110: =I110*(1-$C$276)*(1-$E$275) -> 1458.2083 | M110: =I110*(1-$C$277) -> 1551.2855
B111: Madeirado / Envidraçado Reto | C111: 2 | D111: X | E111: 1 | F111: X | G111: 0.78 | I111: ='Tabela Base Casa 7 Brasil'!I109*'Indices de Tabelas'!$C$2 -> 2117.3168 | J111: =ROUNDDOWN((I111*(1-$C$274)*(1-$E$274)*(1-$G$274)),0) -> 1509 | K111: =I111*(1-$C$275)*(1-$E$275) -> 1572.3194 | L111: =I111*(1-$C$276)*(1-$E$275) -> 1572.3194 | M111: =I111*(1-$C$277) -> 1672.6803
B112: Madeirado / Envidraçado Reto | C112: 2.2 | D112: X | E112: 1 | F112: X | G112: 0.78 | I112: ='Tabela Base Casa 7 Brasil'!I110*'Indices de Tabelas'!$C$2 -> 2239.9527 | J112: =ROUNDDOWN((I112*(1-$C$274)*(1-$E$274)*(1-$G$274)),0) -> 1596 | K112: =I112*(1-$C$275)*(1-$E$275) -> 1663.3889 | L112: =I112*(1-$C$276)*(1-$E$275) -> 1663.3889 | M112: =I112*(1-$C$277) -> 1769.5626
...

Sheet Tabela Casa 7 Intersul
L1: Percentual desconto comercial | M1: 0.25
A3: TABELA COMERCIAL CASA 7 - VÁLIDA A PARTIR DE 01/01/2021
A5: Acrescentar 5% referente a IPI
A7: Mesas de Jantar
A9: 7MJT003 MESA DE JANTAR SPIN
B10: Acabamento Tampo | C10: Larg. | E10: Prof. | G10: Alt. | I10: Tabela | J10: Antecipado | K10: Á Vista : 21+6% | L10: 30 Dias : 21+3% | M10: 60 Dias : 21%
B11: Madeirado / Envidraçado Reto | C11: 1.2 | D11: X | E11: 0.9 | F11: X | G11: 0.78 | I11: ='Tabela Base Casa 7 Brasil'!I9*'Indices de Tabelas'!$C$2 -> 1136.2293 | J11: =ROUNDDOWN((I11*(1-$C$274)*(1-$E$274)*(1-$G$274)),0) -> 769 | K11: =I11*(1-$C$275)*(1-$E$275) -> 801.04167 | L11: =I11*(1-$C$276)*(1-$E$275) -> 801.04167 | M11: =I11*(1-$C$277) -> 852.17199
B12: Madeirado / Envidraçado Reto | C12: 1.4 | D12: X | E12: 0.9 | F12: X | G12: 0.78 | I12: ='Tabela Base Casa 7 Brasil'!I10*'Indices de Tabelas'!$C$2 -> 1190.8983 | J12: =ROUNDDOWN((I12*(1-$C$274)*(1-$E$274)*(1-$G$274)),0) -> 806 | K12: =I12*(1-$C$275)*(1-$E$275) -> 839.58333 | L12: =I12*(1-$C$276)*(1-$E$275) -> 839.58333 | M12: =I12*(1-$C$277) -> 893.17376
B13: Madeirado / Envidraçado Reto | C13: 1.35 | D13: X | E13: 1.35 | F13: X | G13: 0.78 | I13: ='Tabela Base Casa 7 Brasil'!I11*'Indices de Tabelas'!$C$2 -> 1499.7045 | J13: =ROUNDDOWN((I13*(1-$C$274)*(1-$E$274)*(1-$G$274)),0) -> 1015 | K13: =I13*(1-$C$275)*(1-$E$275) -> 1057.2917 | L13: =I13*(1-$C$276)*(1-$E$275) -> 1057.2917 | M13: =I13*(1-$C$277) -> 1124.7784
B14: Madeirado / Envidraçado Moeda OU Copo | C14: 1.2 | D14: X | E14: 0.9 | F14: X | G14: 0.78 | I14: ='Tabela Base Casa 7 Brasil'!I12*'Indices de Tabelas'!$C$2 -> 1170.2128 | J14: =ROUNDDOWN((I14*(1-$C$274)*(1-$E$274)*(1-$G$274)),0) -> 792 | K14: =I14*(1-$C$275)*(1-$E$275) -> 825 | L14: =I14*(1-$C$276)*(1-$E$275) -> 825 | M14: =I14*(1-$C$277) -> 877.65957
B15: Madeirado / Envidraçado Moeda OU Copo | C15: 1.4 | D15: X | E15: 0.9 | F15: X | G15: 0.78 | I15: ='Tabela Base Casa 7 Brasil'!I13*'Indices de Tabelas'!$C$2 -> 1239.6572 | J15: =ROUNDDOWN((I15*(1-$C$274)*(1-$E$274)*(1-$G$274)),0) -> 839 | K15: =I15*(1-$C$275)*(1-$E$275) -> 873.95833 | L15: =I15*(1-$C$276)*(1-$E$275) -> 873.95833 | M15: =I15*(1-$C$277) -> 929.74291
B16: Madeirado / Envidraçado Moeda OU Copo | C16: 1.35 | D16: X | E16: 1.35 | F16: X | G16: 0.78 | I16: ='Tabela Base Casa 7 Brasil'!I14*'Indices de Tabelas'!$C$2 -> 1635.6383 | J16: =ROUNDDOWN((I16*(1-$C$274)*(1-$E$274)*(1-$G$274)),0) -> 1107 | K16: =I16*(1-$C$275)*(1-$E$275) -> 1153.125 | L16: =I16*(1-$C$276)*(1-$E$275) -> 1153.125 | M16: =I16*(1-$C$277) -> 1226.7287
B17: Madeirado / Envidraçado Barril | C17: 1.2 | D17: X | E17: 0.9 | F17: X | G17: 0.78 | I17: ='Tabela Base Casa 7 Brasil'!I15*'Indices de Tabelas'!$C$2 -> 1170.2128 | J17: =ROUNDDOWN((I17*(1-$C$274)*(1-$E$274)*(1-$G$274)),0) -> 792 | K17: =I17*(1-$C$275)*(1-$E$275) -> 825 | L17: =I17*(1-$C$276)*(1-$E$275) -> 825 | M17: =I17*(1-$C$277) -> 877.65957
B18: Madeirado / Envidraçado Redonda | C18: 1 | D18: X | E18: 1 | F18: X | G18: 0.78 | I18: ='Tabela Base Casa 7 Brasil'!I16*'Indices de Tabelas'!$C$2 -> 1162.8251 | J18: =ROUNDDOWN((I18*(1-$C$274)*(1-$E$274)*(1-$G$274)),0) -> 787 | K18: =I18*(1-$C$275)*(1-$E$275) -> 819.79167 | L18: =I18*(1-$C$276)*(1-$E$275) -> 819.79167 | M18: =I18*(1-$C$277) -> 872.11879
B19: Madeirado / Envidraçado Redonda | C19: 1.3 | D19: X | E19: 1.3 | F19: X | G19: 0.78 | I19: ='Tabela Base Casa 7 Brasil'!I17*'Indices de Tabelas'!$C$2 -> 1442.0804 | J19: =ROUNDDOWN((I19*(1-$C$274)*(1-$E$274)*(1-$G$274)),0) -> 976 | K19: =I19*(1-$C$275)*(1-$E$275) -> 1016.6667 | L19: =I19*(1-$C$276)*(1-$E$275) -> 1016.6667 | M19: =I19*(1-$C$277) -> 1081.5603
A21: 7MJT005 MESA DE JANTAR TURN
B22: Acabamento Tampo | C22: Larg. | E22: Prof. | G22: Alt. | I22: Tabela | J22: Antecipado | K22: Á Vista : 21+6% | L22: 30 Dias : 21+3% | M22: 60 Dias : 21%
B23: Madeirado / Envidraçado Reto | C23: 1.2 | D23: X | E23: 0.9 | F23: X | G23: 0.78 | I23: ='Tabela Base Casa 7 Brasil'!I21*'Indices de Tabelas'!$C$2 -> 1223.4043 | J23: =ROUNDDOWN((I23*(1-$C$274)*(1-$E$274)*(1-$G$274)),0) -> 828 | K23: =I23*(1-$C$275)*(1-$E$275) -> 862.5 | L23: =I23*(1-$C$276)*(1-$E$275) -> 862.5 | M23: =I23*(1-$C$277) -> 917.55319
B24: Madeirado / Envidraçado Reto | C24: 1.4 | D24: X | E24: 0.9 | F24: X | G24: 0.78 | I24: ='Tabela Base Casa 7 Brasil'!I22*'Indices de Tabelas'!$C$2 -> 1276.5957 | J24: =ROUNDDOWN((I24*(1-$C$274)*(1-$E$274)*(1-$G$274)),0) -> 864 | K24: =I24*(1-$C$275)*(1-$E$275) -> 900 | L24: =I24*(1-$C$276)*(1-$E$275) -> 900 | M24: =I24*(1-$C$277) -> 957.44681
B25: Madeirado / Envidraçado Reto | C25: 1.6 | D25: X | E25: 1 | F25: X | G25: 0.78 | I25: ='Tabela Base Casa 7 Brasil'!I23*'Indices de Tabelas'!$C$2 -> 1437.6478 | J25: =ROUNDDOWN((I25*(1-$C$274)*(1-$E$274)*(1-$G$274)),0) -> 973 | K25: =I25*(1-$C$275)*(1-$E$275) -> 1013.5417 | L25: =I25*(1-$C$276)*(1-$E$275) -> 1013.5417 | M25: =I25*(1-$C$277) -> 1078.2358
B26: Madeirado / Envidraçado Reto | C26: 1.8 | D26: X | E26: 1 | F26: X | G26: 0.78 | I26: ='Tabela Base Casa 7 Brasil'!I24*'Indices de Tabelas'!$C$2 -> 1498.227 | J26: =ROUNDDOWN((I26*(1-$C$274)*(1-$E$274)*(1-$G$274)),0) -> 1014 | K26: =I26*(1-$C$275)*(1-$E$275) -> 1056.25 | L26: =I26*(1-$C$276)*(1-$E$275) -> 1056.25 | M26: =I26*(1-$C$277) -> 1123.6702
B27: Madeirado / Envidraçado Reto | C27: 2 | D27: X | E27: 1 | F27: X | G27: 0.78 | I27: ='Tabela Base Casa 7 Brasil'!I25*'Indices de Tabelas'!$C$2 -> 1561.7612 | J27: =ROUNDDOWN((I27*(1-$C$274)*(1-$E$274)*(1-$G$274)),0) -> 1057 | K27: =I27*(1-$C$275)*(1-$E$275) -> 1101.0417 | L27: =I27*(1-$C$276)*(1-$E$275) -> 1101.0417 | M27: =I27*(1-$C$277) -> 1171.3209
B28: Madeirado / Envidraçado Reto | C28: 2.2 | D28: X | E28: 1.1 | F28: X | G28: 0.78 | I28: ='Tabela Base Casa 7 Brasil'!I26*'Indices de Tabelas'!$C$2 -> 1767.1395 | J28: =ROUNDDOWN((I28*(1-$C$274)*(1-$E$274)*(1-$G$274)),0) -> 1196 | K28: =I28*(1-$C$275)*(1-$E$275) -> 1245.8333 | L28: =I28*(1-$C$276)*(1-$E$275) -> 1245.8333 | M28: =I28*(1-$C$277) -> 1325.3546
B29: Madeirado / Envidraçado Reto | C29: 1.35 | D29: X | E29: 1.35 | F29: X | G29: 0.78 | I29: ='Tabela Base Casa 7 Brasil'!I27*'Indices de Tabelas'!$C$2 -> 1496.7494 | J29: =ROUNDDOWN((I29*(1-$C$274)*(1-$E$274)*(1-$G$274)),0) -> 1013 | K29: =I29*(1-$C$275)*(1-$E$275) -> 1055.2083 | L29: =I29*(1-$C$276)*(1-$E$275) -> 1055.2083 | M29: =I29*(1-$C$277) -> 1122.5621
B30: Madeirado / Envidraçado Moeda OU Copo | C30: 1.2 | D30: X | E30: 0.9 | F30: X | G30: 0.78 | I30: ='Tabela Base Casa 7 Brasil'!I28*'Indices de Tabelas'!$C$2 -> 1255.9102 | J30: =ROUNDDOWN((I30*(1-$C$274)*(1-$E$274)*(1-$G$274)),0) -> 850 | K30: =I30*(1-$C$275)*(1-$E$275) -> 885.41667 | L30: =I30*(1-$C$276)*(1-$E$275) -> 885.41667 | M30: =I30*(1-$C$277) -> 941.93262
B31: Madeirado / Envidraçado Moeda OU Copo | C31: 1.4 | D31: X | E31: 0.9 | F31: X | G31: 0.78 | I31: ='Tabela Base Casa 7 Brasil'!I29*'Indices de Tabelas'!$C$2 -> 1315.0118 | J31: =ROUNDDOWN((I31*(1-$C$274)*(1-$E$274)*(1-$G$274)),0) -> 890 | K31: =I31*(1-$C$275)*(1-$E$275) -> 927.08333 | L31: =I31*(1-$C$276)*(1-$E$275) -> 927.08333 | M31: =I31*(1-$C$277) -> 986.25887
B32: Madeirado / Envidraçado Moeda OU Copo | C32: 1.6 | D32: X | E32: 1 | F32: X | G32: 0.78 | I32: ='Tabela Base Casa 7 Brasil'!I30*'Indices de Tabelas'!$C$2 -> 1486.4066 | J32: =ROUNDDOWN((I32*(1-$C$274)*(1-$E$274)*(1-$G$274)),0) -> 1006 | K32: =I32*(1-$C$275)*(1-$E$275) -> 1047.9167 | L32: =I32*(1-$C$276)*(1-$E$275) -> 1047.9167 | M32: =I32*(1-$C$277) -> 1114.805
B33: Madeirado / Envidraçado Moeda OU Copo | C33: 1.8 | D33: X | E33: 1 | F33: X | G33: 0.78 | I33: ='Tabela Base Casa 7 Brasil'!I31*'Indices de Tabelas'!$C$2 -> 1578.0142 | J33: =ROUNDDOWN((I33*(1-$C$274)*(1-$E$274)*(1-$G$274)),0) -> 1068 | K33: =I33*(1-$C$275)*(1-$E$275) -> 1112.5 | L33: =I33*(1-$C$276)*(1-$E$275) -> 1112.5 | M33: =I33*(1-$C$277) -> 1183.5106
B34: Madeirado / Envidraçado Moeda OU Copo | C34: 2 | D34: X | E34: 1 | F34: X | G34: 0.78 | I34: ='Tabela Base Casa 7 Brasil'!I32*'Indices de Tabelas'!$C$2 -> 1647.4586 | J34: =ROUNDDOWN((I34*(1-$C$274)*(1-$E$274)*(1-$G$274)),0) -> 1115 | K34: =I34*(1-$C$275)*(1-$E$275) -> 1161.4583 | L34: =I34*(1-$C$276)*(1-$E$275) -> 1161.4583 | M34: =I34*(1-$C$277) -> 1235.594
B35: Madeirado / Envidraçado Moeda OU Copo | C35: 2.2 | D35: X | E35: 1.1 | F35: X | G35: 0.78 | H35: 0.78 | I35: ='Tabela Base Casa 7 Brasil'!I33*'Indices de Tabelas'!$C$2 -> 1945.922 | J35: =ROUNDDOWN((I35*(1-$C$274)*(1-$E$274)*(1-$G$274)),0) -> 1317 | K35: =I35*(1-$C$275)*(1-$E$275) -> 1371.875 | L35: =I35*(1-$C$276)*(1-$E$275) -> 1371.875 | M35: =I35*(1-$C$277) -> 1459.4415
B36: Madeirado / Envidraçado Moeda OU Copo | C36: 1.35 | D36: X | E36: 1.35 | F36: X | G36: 0.78 | I36: ='Tabela Base Casa 7 Brasil'!I34*'Indices de Tabelas'!$C$2 -> 1631.2057 | J36: =ROUNDDOWN((I36*(1-$C$274)*(1-$E$274)*(1-$G$274)),0) -> 1104 | K36: =I36*(1-$C$275)*(1-$E$275) -> 1150 | L36: =I36*(1-$C$276)*(1-$E$275) -> 1150 | M36: =I36*(1-$C$277) -> 1223.4043
B37: Madeirado / Envidraçado Barril | C37: 1.2 | D37: X | E37: 0.9 | F37: X | G37: 0.78 | I37: ='Tabela Base Casa 7 Brasil'!I35*'Indices de Tabelas'!$C$2 -> 1255.9102 | J37: =ROUNDDOWN((I37*(1-$C$274)*(1-$E$274)*(1-$G$274)),0) -> 850 | K37: =I37*(1-$C$275)*(1-$E$275) -> 885.41667 | L37: =I37*(1-$C$276)*(1-$E$275) -> 885.41667 | M37: =I37*(1-$C$277) -> 941.93262
B38: Madeirado / Envidraçado Barril | C38: 1.8 | D38: X | E38: 1 | F38: X | G38: 0.78 | I38: ='Tabela Base Casa 7 Brasil'!I36*'Indices de Tabelas'!$C$2 -> 1578.0142 | J38: =ROUNDDOWN((I38*(1-$C$274)*(1-$E$274)*(1-$G$274)),0) -> 1068 | K38: =I38*(1-$C$275)*(1-$E$275) -> 1112.5 | L38: =I38*(1-$C$276)*(1-$E$275) -> 1112.5 | M38: =I38*(1-$C$277) -> 1183.5106
A40: 7MJT015 MESA DE JANTAR MONARCA
B41: Acabamento Tampo | C41: Larg. | E41: Prof. | G41: Alt. | I41: Tabela | J41: Antecipado | K41: Á Vista : 21+6% | L41: 30 Dias : 21+3% | M41: 60 Dias : 21%
B42: Madeirado / Envidraçado Redondo | C42: 1.2 | D42: X | E42: 1.2 | F42: X | G42: 0.78 | I42: ='Tabela Base Casa 7 Brasil'!I40*'Indices de Tabelas'!$C$2 -> 1753.8416 | J42: =ROUNDDOWN((I42*(1-$C$274)*(1-$E$274)*(1-$G$274)),0) -> 1187 | K42: =I42*(1-$C$275)*(1-$E$275) -> 1236.4583 | L42: =I42*(1-$C$276)*(1-$E$275) -> 1236.4583 | M42: =I42*(1-$C$277) -> 1315.3812
B43: Madeirado / Envidraçado Redondo | C43: 1.3 | D43: X | E43: 1.3 | F43: X | G43: 0.78 | I43: ='Tabela Base Casa 7 Brasil'!I41*'Indices de Tabelas'!$C$2 -> 1824.7636 | J43: =ROUNDDOWN((I43*(1-$C$274)*(1-$E$274)*(1-$G$274)),0) -> 1235 | K43: =I43*(1-$C$275)*(1-$E$275) -> 1286.4583 | L43: =I43*(1-$C$276)*(1-$E$275) -> 1286.4583 | M43: =I43*(1-$C$277) -> 1368.5727
B44: Madeirado / Envidraçado Redondo | C44: 1.5 | D44: X | E44: 1.5 | F44: X | G44: 0.78 | I44: ='Tabela Base Casa 7 Brasil'!I42*'Indices de Tabelas'!$C$2 -> 2106.974 | J44: =ROUNDDOWN((I44*(1-$C$274)*(1-$E$274)*(1-$G$274)),0) -> 1426 | K44: =I44*(1-$C$275)*(1-$E$275) -> 1485.4167 | L44: =I44*(1-$C$276)*(1-$E$275) -> 1485.4167 | M44: =I44*(1-$C$277) -> 1580.2305
A46: 7MJT016 MESA DE JANTAR DIAMANTE
B47: Acabamento Tampo | C47: Larg. | E47: Prof. | G47: Alt. | I47: Tabela | J47: Antecipado | K47: Á Vista : 21+6% | L47: 30 Dias : 21+3% | M47: 60 Dias : 21%
B48: Madeirado / Envidraçado Reto | C48: 1.8 | D48: X | E48: 1 | F48: X | G48: 0.78 | I48: ='Tabela Base Casa 7 Brasil'!I46*'Indices de Tabelas'!$C$2 -> 1663.7116 | J48: =ROUNDDOWN((I48*(1-$C$274)*(1-$E$274)*(1-$G$274)),0) -> 1126 | K48: =I48*(1-$C$275)*(1-$E$275) -> 1172.9167 | L48: =I48*(1-$C$276)*(1-$E$275) -> 1172.9167 | M48: =I48*(1-$C$277) -> 1247.7837
B49: Madeirado / Envidraçado Reto | C49: 2 | D49: X | E49: 1 | F49: X | G49: 0.78 | I49: ='Tabela Base Casa 7 Brasil'!I47*'Indices de Tabelas'!$C$2 -> 1814.4208 | J49: =ROUNDDOWN((I49*(1-$C$274)*(1-$E$274)*(1-$G$274)),0) -> 1228 | K49: =I49*(1-$C$275)*(1-$E$275) -> 1279.1667 | L49: =I49*(1-$C$276)*(1-$E$275) -> 1279.1667 | M49: =I49*(1-$C$277) -> 1360.8156
B50: Madeirado / Envidraçado Reto | C50: 2.2 | D50: X | E50: 1 | F50: X | G50: 0.78 | I50: ='Tabela Base Casa 7 Brasil'!I48*'Indices de Tabelas'!$C$2 -> 1976.9504 | J50: =ROUNDDOWN((I50*(1-$C$274)*(1-$E$274)*(1-$G$274)),0) -> 1338 | K50: =I50*(1-$C$275)*(1-$E$275) -> 1393.75 | L50: =I50*(1-$C$276)*(1-$E$275) -> 1393.75 | M50: =I50*(1-$C$277) -> 1482.7128
B51: Madeirado / Envidraçado Reto | C51: 2.4 | D51: X | E51: 1.2 | F51: X | G51: 0.78 | I51: ='Tabela Base Casa 7 Brasil'!I49*'Indices de Tabelas'!$C$2 -> 2208.9243 | J51: =ROUNDDOWN((I51*(1-$C$274)*(1-$E$274)*(1-$G$274)),0) -> 1495 | K51: =I51*(1-$C$275)*(1-$E$275) -> 1557.2917 | L51: =I51*(1-$C$276)*(1-$E$275) -> 1557.2917 | M51: =I51*(1-$C$277) -> 1656.6933
B52: Madeirado / Envidraçado Reto | C52: 2.6 | D52: X | E52: 1.2 | F52: X | G52: 0.78 | I52: ='Tabela Base Casa 7 Brasil'!I50*'Indices de Tabelas'!$C$2 -> 2429.078 | J52: =ROUNDDOWN((I52*(1-$C$274)*(1-$E$274)*(1-$G$274)),0) -> 1644 | K52: =I52*(1-$C$275)*(1-$E$275) -> 1712.5 | L52: =I52*(1-$C$276)*(1-$E$275) -> 1712.5 | M52: =I52*(1-$C$277) -> 1821.8085
B53: Madeirado / Envidraçado Reto | C53: 2.73 | D53: X | E53: 1.2 | F53: X | G53: 0.78 | I53: ='Tabela Base Casa 7 Brasil'!I51*'Indices de Tabelas'!$C$2 -> 2729.0189 | J53: =ROUNDDOWN((I53*(1-$C$274)*(1-$E$274)*(1-$G$274)),0) -> 1847 | K53: =I53*(1-$C$275)*(1-$E$275) -> 1923.9583 | L53: =I53*(1-$C$276)*(1-$E$275) -> 1923.9583 | M53: =I53*(1-$C$277) -> 2046.7642
B54: Madeirado / Envidraçado Moeda OU Copo | C54: 1.8 | D54: X | E54: 1 | F54: X | G54: 0.78 | I54: ='Tabela Base Casa 7 Brasil'!I52*'Indices de Tabelas'!$C$2 -> 1764.1844 | J54: =ROUNDDOWN((I54*(1-$C$274)*(1-$E$274)*(1-$G$274)),0) -> 1194 | K54: =I54*(1-$C$275)*(1-$E$275) -> 1243.75 | L54: =I54*(1-$C$276)*(1-$E$275) -> 1243.75 | M54: =I54*(1-$C$277) -> 1323.1383
B55: Madeirado / Envidraçado Moeda OU Copo | C55: 2 | D55: X | E55: 1 | F55: X | G55: 0.78 | I55: ='Tabela Base Casa 7 Brasil'!I53*'Indices de Tabelas'!$C$2 -> 1922.2813 | J55: =ROUNDDOWN((I55*(1-$C$274)*(1-$E$274)*(1-$G$274)),0) -> 1301 | K55: =I55*(1-$C$275)*(1-$E$275) -> 1355.2083 | L55: =I55*(1-$C$276)*(1-$E$275) -> 1355.2083 | M55: =I55*(1-$C$277) -> 1441.711
B56: Madeirado / Envidraçado Moeda OU Copo | C56: 2.2 | D56: X | E56: 1 | F56: X | G56: 0.78 | I56: ='Tabela Base Casa 7 Brasil'!I54*'Indices de Tabelas'!$C$2 -> 2096.6312 | J56: =ROUNDDOWN((I56*(1-$C$274)*(1-$E$274)*(1-$G$274)),0) -> 1419 | K56: =I56*(1-$C$275)*(1-$E$275) -> 1478.125 | L56: =I56*(1-$C$276)*(1-$E$275) -> 1478.125 | M56: =I56*(1-$C$277) -> 1572.4734
B57: Madeirado / Envidraçado Moeda OU Copo | C57: 2.4 | D57: X | E57: 1.2 | F57: X | G57: 0.78 | I57: ='Tabela Base Casa 7 Brasil'!I55*'Indices de Tabelas'!$C$2 -> 2395.0946 | J57: =ROUNDDOWN((I57*(1-$C$274)*(1-$E$274)*(1-$G$274)),0) -> 1621 | K57: =I57*(1-$C$275)*(1-$E$275) -> 1688.5417 | L57: =I57*(1-$C$276)*(1-$E$275) -> 1688.5417 | M57: =I57*(1-$C$277) -> 1796.3209
B58: Madeirado / Envidraçado Moeda OU Copo | C58: 2.6 | D58: X | E58: 1.2 | F58: X | G58: 0.78 | I58: ='Tabela Base Casa 7 Brasil'!I56*'Indices de Tabelas'!$C$2 -> 2696.513 | J58: =ROUNDDOWN((I58*(1-$C$274)*(1-$E$274)*(1-$G$274)),0) -> 1825 | K58: =I58*(1-$C$275)*(1-$E$275) -> 1901.0417 | L58: =I58*(1-$C$276)*(1-$E$275) -> 1901.0417 | M58: =I58*(1-$C$277) -> 2022.3848
B59: Madeirado / Envidraçado Moeda OU Copo | C59: 2.73 | D59: X | E59: 1.2 | F59: X | G59: 0.78 | I59: ='Tabela Base Casa 7 Brasil'!I57*'Indices de Tabelas'!$C$2 -> 2990.5437 | J59: =ROUNDDOWN((I59*(1-$C$274)*(1-$E$274)*(1-$G$274)),0) -> 2024 | K59: =I59*(1-$C$275)*(1-$E$275) -> 2108.3333 | L59: =I59*(1-$C$276)*(1-$E$275) -> 2108.3333 | M59: =I59*(1-$C$277) -> 2242.9078
A61: 7MJT013 MESA DE JANTAR STYLUS
B62: Acabamento Tampo | C62: Larg. | E62: Prof. | G62: Alt. | I62: Tabela | J62: Antecipado | K62: Á Vista : 21+6% | L62: 30 Dias : 21+3% | M62: 60 Dias : 21%
B63: Madeirado / Envidraçado Reto | C63: 1.8 | D63: X | E63: 1 | F63: X | G63: 0.78 | I63: ='Tabela Base Casa 7 Brasil'!I61*'Indices de Tabelas'!$C$2 -> 2012.4113 | J63: =ROUNDDOWN((I63*(1-$C$274)*(1-$E$274)*(1-$G$274)),0) -> 1362 | K63: =I63*(1-$C$275)*(1-$E$275) -> 1418.75 | L63: =I63*(1-$C$276)*(1-$E$275) -> 1418.75 | M63: =I63*(1-$C$277) -> 1509.3085
B64: Madeirado / Envidraçado Reto | C64: 2 | D64: X | E64: 1 | F64: X | G64: 0.78 | I64: ='Tabela Base Casa 7 Brasil'!I62*'Indices de Tabelas'!$C$2 -> 2180.8511 | J64: =ROUNDDOWN((I64*(1-$C$274)*(1-$E$274)*(1-$G$274)),0) -> 1476 | K64: =I64*(1-$C$275)*(1-$E$275) -> 1537.5 | L64: =I64*(1-$C$276)*(1-$E$275) -> 1537.5 | M64: =I64*(1-$C$277) -> 1635.6383
B65: Madeirado / Envidraçado Reto | C65: 2.2 | D65: X | E65: 1 | F65: X | G65: 0.78 | I65: ='Tabela Base Casa 7 Brasil'!I63*'Indices de Tabelas'!$C$2 -> 2610.8156 | J65: =ROUNDDOWN((I65*(1-$C$274)*(1-$E$274)*(1-$G$274)),0) -> 1767 | K65: =I65*(1-$C$275)*(1-$E$275) -> 1840.625 | L65: =I65*(1-$C$276)*(1-$E$275) -> 1840.625 | M65: =I65*(1-$C$277) -> 1958.1117
B66: Madeirado / Envidraçado Reto | C66: 2.4 | D66: X | E66: 1.2 | F66: X | G66: 0.78 | I66: ='Tabela Base Casa 7 Brasil'!I64*'Indices de Tabelas'!$C$2 -> 2850.1773 | J66: =ROUNDDOWN((I66*(1-$C$274)*(1-$E$274)*(1-$G$274)),0) -> 1929 | K66: =I66*(1-$C$275)*(1-$E$275) -> 2009.375 | L66: =I66*(1-$C$276)*(1-$E$275) -> 2009.375 | M66: =I66*(1-$C$277) -> 2137.633
B67: Madeirado / Envidraçado Reto | C67: 2.6 | D67: X | E67: 1.2 | F67: X | G67: 0.78 | I67: ='Tabela Base Casa 7 Brasil'!I65*'Indices de Tabelas'!$C$2 -> 3145.6856 | J67: =ROUNDDOWN((I67*(1-$C$274)*(1-$E$274)*(1-$G$274)),0) -> 2129 | K67: =I67*(1-$C$275)*(1-$E$275) -> 2217.7083 | L67: =I67*(1-$C$276)*(1-$E$275) -> 2217.7083 | M67: =I67*(1-$C$277) -> 2359.2642
B68: Madeirado / Envidraçado Reto | C68: 2.73 | D68: X | E68: 1.2 | F68: X | G68: 0.78 | I68: ='Tabela Base Casa 7 Brasil'!I66*'Indices de Tabelas'!$C$2 -> 3433.8061 | J68: =ROUNDDOWN((I68*(1-$C$274)*(1-$E$274)*(1-$G$274)),0) -> 2324 | K68: =I68*(1-$C$275)*(1-$E$275) -> 2420.8333 | L68: =I68*(1-$C$276)*(1-$E$275) -> 2420.8333 | M68: =I68*(1-$C$277) -> 2575.3546
B69: Madeirado / Envidraçado Moeda OU Copo | C69: 1.8 | D69: X | E69: 1 | F69: X | G69: 0.78 | I69: ='Tabela Base Casa 7 Brasil'!I67*'Indices de Tabelas'!$C$2 -> 2436.4657 | J69: =ROUNDDOWN((I69*(1-$C$274)*(1-$E$274)*(1-$G$274)),0) -> 1649 | K69: =I69*(1-$C$275)*(1-$E$275) -> 1717.7083 | L69: =I69*(1-$C$276)*(1-$E$275) -> 1717.7083 | M69: =I69*(1-$C$277) -> 1827.3493
B70: Madeirado / Envidraçado Moeda OU Copo | C70: 2 | D70: X | E70: 1 | F70: X | G70: 0.78 | I70: ='Tabela Base Casa 7 Brasil'!I68*'Indices de Tabelas'!$C$2 -> 2569.4444 | J70: =ROUNDDOWN((I70*(1-$C$274)*(1-$E$274)*(1-$G$274)),0) -> 1739 | K70: =I70*(1-$C$275)*(1-$E$275) -> 1811.4583 | L70: =I70*(1-$C$276)*(1-$E$275) -> 1811.4583 | M70: =I70*(1-$C$277) -> 1927.0833
B71: Madeirado / Envidraçado Moeda OU Copo | C71: 2.2 | D71: X | E71: 1 | F71: X | G71: 0.78 | I71: ='Tabela Base Casa 7 Brasil'!I69*'Indices de Tabelas'!$C$2 -> 2807.3286 | J71: =ROUNDDOWN((I71*(1-$C$274)*(1-$E$274)*(1-$G$274)),0) -> 1900 | K71: =I71*(1-$C$275)*(1-$E$275) -> 1979.1667 | L71: =I71*(1-$C$276)*(1-$E$275) -> 1979.1667 | M71: =I71*(1-$C$277) -> 2105.4965
B72: Madeirado / Envidraçado Moeda OU Copo | C72: 2.4 | D72: X | E72: 1.2 | F72: X | G72: 0.78 | I72: ='Tabela Base Casa 7 Brasil'!I70*'Indices de Tabelas'!$C$2 -> 2807.3286 | J72: =ROUNDDOWN((I72*(1-$C$274)*(1-$E$274)*(1-$G$274)),0) -> 1900 | K72: =I72*(1-$C$275)*(1-$E$275) -> 1979.1667 | L72: =I72*(1-$C$276)*(1-$E$275) -> 1979.1667 | M72: =I72*(1-$C$277) -> 2105.4965
B73: Madeirado / Envidraçado Moeda OU Copo | C73: 2.6 | D73: X | E73: 1.2 | F73: X | G73: 0.78 | I73: ='Tabela Base Casa 7 Brasil'!I71*'Indices de Tabelas'!$C$2 -> 3210.6974 | J73: =ROUNDDOWN((I73*(1-$C$274)*(1-$E$274)*(1-$G$274)),0) -> 2173 | K73: =I73*(1-$C$275)*(1-$E$275) -> 2263.5417 | L73: =I73*(1-$C$276)*(1-$E$275) -> 2263.5417 | M73: =I73*(1-$C$277) -> 2408.023
B74: Madeirado / Envidraçado Moeda OU Copo | C74: 2.73 | D74: X | E74: 1.2 | F74: X | G74: 0.78 | I74: ='Tabela Base Casa 7 Brasil'!I72*'Indices de Tabelas'!$C$2 -> 3501.773 | J74: =ROUNDDOWN((I74*(1-$C$274)*(1-$E$274)*(1-$G$274)),0) -> 2370 | K74: =I74*(1-$C$275)*(1-$E$275) -> 2468.75 | L74: =I74*(1-$C$276)*(1-$E$275) -> 2468.75 | M74: =I74*(1-$C$277) -> 2626.3298
A76: 7MJT014 MESA DE JANTAR COLISEU
B77: Acabamento Tampo | C77: Larg. | E77: Prof. | G77: Alt. | I77: Tabela | J77: Antecipado | K77: Á Vista : 21+6% | L77: 30 Dias : 21+3% | M77: 60 Dias : 21%
B78: Madeirado / Envidraçado Reto | C78: 1.8 | D78: X | E78: 1 | F78: X | G78: 0.78 | I78: ='Tabela Base Casa 7 Brasil'!I76*'Indices de Tabelas'!$C$2 -> 1969.5626 | J78: =ROUNDDOWN((I78*(1-$C$274)*(1-$E$274)*(1-$G$274)),0) -> 1333 | K78: =I78*(1-$C$275)*(1-$E$275) -> 1388.5417 | L78: =I78*(1-$C$276)*(1-$E$275) -> 1388.5417 | M78: =I78*(1-$C$277) -> 1477.172
B79: Madeirado / Envidraçado Reto | C79: 2 | D79: X | E79: 1 | F79: X | G79: 0.78 | I79: ='Tabela Base Casa 7 Brasil'!I77*'Indices de Tabelas'!$C$2 -> 2161.643 | J79: =ROUNDDOWN((I79*(1-$C$274)*(1-$E$274)*(1-$G$274)),0) -> 1463 | K79: =I79*(1-$C$275)*(1-$E$275) -> 1523.9583 | L79: =I79*(1-$C$276)*(1-$E$275) -> 1523.9583 | M79: =I79*(1-$C$277) -> 1621.2323
B80: Madeirado / Envidraçado Reto | C80: 2.2 | D80: X | E80: 1 | F80: X | G80: 0.78 | I80: ='Tabela Base Casa 7 Brasil'!I78*'Indices de Tabelas'!$C$2 -> 2579.7872 | J80: =ROUNDDOWN((I80*(1-$C$274)*(1-$E$274)*(1-$G$274)),0) -> 1746 | K80: =I80*(1-$C$275)*(1-$E$275) -> 1818.75 | L80: =I80*(1-$C$276)*(1-$E$275) -> 1818.75 | M80: =I80*(1-$C$277) -> 1934.8404
B81: Madeirado / Envidraçado Reto | C81: 2.4 | D81: X | E81: 1.2 | F81: X | G81: 0.78 | I81: ='Tabela Base Casa 7 Brasil'!I79*'Indices de Tabelas'!$C$2 -> 2820.6265 | J81: =ROUNDDOWN((I81*(1-$C$274)*(1-$E$274)*(1-$G$274)),0) -> 1909 | K81: =I81*(1-$C$275)*(1-$E$275) -> 1988.5417 | L81: =I81*(1-$C$276)*(1-$E$275) -> 1988.5417 | M81: =I81*(1-$C$277) -> 2115.4699
B82: Madeirado / Envidraçado Reto | C82: 2.6 | D82: X | E82: 1.2 | F82: X | G82: 0.78 | I82: ='Tabela Base Casa 7 Brasil'!I80*'Indices de Tabelas'!$C$2 -> 2937.3522 | J82: =ROUNDDOWN((I82*(1-$C$274)*(1-$E$274)*(1-$G$274)),0) -> 1988 | K82: =I82*(1-$C$275)*(1-$E$275) -> 2070.8333 | L82: =I82*(1-$C$276)*(1-$E$275) -> 2070.8333 | M82: =I82*(1-$C$277) -> 2203.0142
B83: Madeirado / Envidraçado Reto | C83: 2.73 | D83: X | E83: 1.2 | F83: X | G83: 0.78 | I83: ='Tabela Base Casa 7 Brasil'!I81*'Indices de Tabelas'!$C$2 -> 3088.0615 | J83: =ROUNDDOWN((I83*(1-$C$274)*(1-$E$274)*(1-$G$274)),0) -> 2090 | K83: =I83*(1-$C$275)*(1-$E$275) -> 2177.0833 | L83: =I83*(1-$C$276)*(1-$E$275) -> 2177.0833 | M83: =I83*(1-$C$277) -> 2316.0461
B84: Madeirado / Envidraçado Moeda OU Copo | C84: 1.8 | D84: X | E84: 1 | F84: X | G84: 0.78 | I84: ='Tabela Base Casa 7 Brasil'!I82*'Indices de Tabelas'!$C$2 -> 2396.5721 | J84: =ROUNDDOWN((I84*(1-$C$274)*(1-$E$274)*(1-$G$274)),0) -> 1622 | K84: =I84*(1-$C$275)*(1-$E$275) -> 1689.5833 | L84: =I84*(1-$C$276)*(1-$E$275) -> 1689.5833 | M84: =I84*(1-$C$277) -> 1797.4291
B85: Madeirado / Envidraçado Moeda OU Copo | C85: 2 | D85: X | E85: 1 | F85: X | G85: 0.78 | I85: ='Tabela Base Casa 7 Brasil'!I83*'Indices de Tabelas'!$C$2 -> 2525.1182 | J85: =ROUNDDOWN((I85*(1-$C$274)*(1-$E$274)*(1-$G$274)),0) -> 1709 | K85: =I85*(1-$C$275)*(1-$E$275) -> 1780.2083 | L85: =I85*(1-$C$276)*(1-$E$275) -> 1780.2083 | M85: =I85*(1-$C$277) -> 1893.8387
B86: Madeirado / Envidraçado Moeda OU Copo | C86: 2.2 | D86: X | E86: 1 | F86: X | G86: 0.78 | I86: ='Tabela Base Casa 7 Brasil'!I84*'Indices de Tabelas'!$C$2 -> 2776.3002 | J86: =ROUNDDOWN((I86*(1-$C$274)*(1-$E$274)*(1-$G$274)),0) -> 1879 | K86: =I86*(1-$C$275)*(1-$E$275) -> 1957.2917 | L86: =I86*(1-$C$276)*(1-$E$275) -> 1957.2917 | M86: =I86*(1-$C$277) -> 2082.2252
B87: Madeirado / Envidraçado Moeda OU Copo | C87: 2.4 | D87: X | E87: 1.2 | F87: X | G87: 0.78 | I87: ='Tabela Base Casa 7 Brasil'!I85*'Indices de Tabelas'!$C$2 -> 3027.4823 | J87: =ROUNDDOWN((I87*(1-$C$274)*(1-$E$274)*(1-$G$274)),0) -> 2049 | K87: =I87*(1-$C$275)*(1-$E$275) -> 2134.375 | L87: =I87*(1-$C$276)*(1-$E$275) -> 2134.375 | M87: =I87*(1-$C$277) -> 2270.6117
B88: Madeirado / Envidraçado Moeda OU Copo | C88: 2.6 | D88: X | E88: 1.2 | F88: X | G88: 0.78 | I88: ='Tabela Base Casa 7 Brasil'!I86*'Indices de Tabelas'!$C$2 -> 3156.0284 | J88: =ROUNDDOWN((I88*(1-$C$274)*(1-$E$274)*(1-$G$274)),0) -> 2136 | K88: =I88*(1-$C$275)*(1-$E$275) -> 2225 | L88: =I88*(1-$C$276)*(1-$E$275) -> 2225 | M88: =I88*(1-$C$277) -> 2367.0213
B89: Madeirado / Envidraçado Moeda OU Copo | C89: 2.73 | D89: X | E89: 1.2 | F89: X | G89: 0.78 | I89: ='Tabela Base Casa 7 Brasil'!I87*'Indices de Tabelas'!$C$2 -> 3445.6265 | J89: =ROUNDDOWN((I89*(1-$C$274)*(1-$E$274)*(1-$G$274)),0) -> 2332 | K89: =I89*(1-$C$275)*(1-$E$275) -> 2429.1667 | L89: =I89*(1-$C$276)*(1-$E$275) -> 2429.1667 | M89: =I89*(1-$C$277) -> 2584.2199
... B91: Madeirado / Envidraçado Moeda OU Copo | C91: 1.5 | D91: X | E91: 1.5 | F91: X | G91: 0.78 | I91: ='Tabela Base Casa 7 Brasil'!I89*'Indices de Tabelas'!$C$2 -> 2028.6643 | J91: =ROUNDDOWN((I91*(1-$C$274)*(1-$E$274)*(1-$G$274)),0) -> 1373 | K91: =I91*(1-$C$275)*(1-$E$275) -> 1430.2083 | L91: =I91*(1-$C$276)*(1-$E$275) -> 1430.2083 | M91: =I91*(1-$C$277) -> 1521.4982
A93: 7MJT011 MESA DE JANTAR GRIFE
B94: Acabamento Tampo | C94: Larg. | E94: Prof. | G94: Alt. | I94: Tabela | J94: Antecipado | K94: Á Vista : 21+6% | L94: 30 Dias : 21+3% | M94: 60 Dias : 21%
B95: Madeirado / Envidraçado Reto | C95: 1.8 | D95: X | E95: 1 | F95: X | G95: 0.78 | I95: ='Tabela Base Casa 7 Brasil'!I93*'Indices de Tabelas'!$C$2 -> 1672.5768 | J95: =ROUNDDOWN((I95*(1-$C$274)*(1-$E$274)*(1-$G$274)),0) -> 1132 | K95: =I95*(1-$C$275)*(1-$E$275) -> 1179.1667 | L95: =I95*(1-$C$276)*(1-$E$275) -> 1179.1667 | M95: =I95*(1-$C$277) -> 1254.4326
B96: Madeirado / Envidraçado Reto | C96: 2 | D96: X | E96: 1 | F96: X | G96: 0.78 | I96: ='Tabela Base Casa 7 Brasil'!I94*'Indices de Tabelas'!$C$2 -> 1807.0331 | J96: =ROUNDDOWN((I96*(1-$C$274)*(1-$E$274)*(1-$G$274)),0) -> 1223 | K96: =I96*(1-$C$275)*(1-$E$275) -> 1273.9583 | L96: =I96*(1-$C$276)*(1-$E$275) -> 1273.9583 | M96: =I96*(1-$C$277) -> 1355.2748
B97: Madeirado / Envidraçado Reto | C97: 2.2 | D97: X | E97: 1 | F97: X | G97: 0.78 | I97: ='Tabela Base Casa 7 Brasil'!I95*'Indices de Tabelas'!$C$2 -> 2010.9338 | J97: =ROUNDDOWN((I97*(1-$C$274)*(1-$E$274)*(1-$G$274)),0) -> 1361 | K97: =I97*(1-$C$275)*(1-$E$275) -> 1417.7083 | L97: =I97*(1-$C$276)*(1-$E$275) -> 1417.7083 | M97: =I97*(1-$C$277) -> 1508.2004
B98: Madeirado / Envidraçado Reto | C98: 2.4 | D98: X | E98: 1.2 | F98: X | G98: 0.78 | I98: ='Tabela Base Casa 7 Brasil'!I96*'Indices de Tabelas'!$C$2 -> 2337.4704 | J98: =ROUNDDOWN((I98*(1-$C$274)*(1-$E$274)*(1-$G$274)),0) -> 1582 | K98: =I98*(1-$C$275)*(1-$E$275) -> 1647.9167 | L98: =I98*(1-$C$276)*(1-$E$275) -> 1647.9167 | M98: =I98*(1-$C$277) -> 1753.1028
B99: Madeirado / Envidraçado Reto | C99: 2.6 | D99: X | E99: 1.2 | F99: X | G99: 0.78 | I99: ='Tabela Base Casa 7 Brasil'!I97*'Indices de Tabelas'!$C$2 -> 2635.9338 | J99: =ROUNDDOWN((I99*(1-$C$274)*(1-$E$274)*(1-$G$274)),0) -> 1784 | K99: =I99*(1-$C$275)*(1-$E$275) -> 1858.3333 | L99: =I99*(1-$C$276)*(1-$E$275) -> 1858.3333 | M99: =I99*(1-$C$277) -> 1976.9504
B100: Madeirado / Envidraçado Reto | C100: 2.73 | D100: X | E100: 1.2 | F100: X | G100: 0.78 | I100: ='Tabela Base Casa 7 Brasil'!I98*'Indices de Tabelas'!$C$2 -> 2931.4421 | J100: =ROUNDDOWN((I100*(1-$C$274)*(1-$E$274)*(1-$G$274)),0) -> 1984 | K100: =I100*(1-$C$275)*(1-$E$275) -> 2066.6667 | L100: =I100*(1-$C$276)*(1-$E$275) -> 2066.6667 | M100: =I100*(1-$C$277) -> 2198.5816
B101: Madeirado / Envidraçado Moeda OU Copo | C101: 1.8 | D101: X | E101: 1 | F101: X | G101: 0.78 | I101: ='Tabela Base Casa 7 Brasil'!I99*'Indices de Tabelas'!$C$2 -> 1923.7589 | J101: =ROUNDDOWN((I101*(1-$C$274)*(1-$E$274)*(1-$G$274)),0) -> 1302 | K101: =I101*(1-$C$275)*(1-$E$275) -> 1356.25 | L101: =I101*(1-$C$276)*(1-$E$275) -> 1356.25 | M101: =I101*(1-$C$277) -> 1442.8191
B102: Madeirado / Envidraçado Moeda OU Copo | C102: 2 | D102: X | E102: 1 | F102: X | G102: 0.78 | I102: ='Tabela Base Casa 7 Brasil'!I100*'Indices de Tabelas'!$C$2 -> 2056.7376 | J102: =ROUNDDOWN((I102*(1-$C$274)*(1-$E$274)*(1-$G$274)),0) -> 1392 | K102: =I102*(1-$C$275)*(1-$E$275) -> 1450 | L102: =I102*(1-$C$276)*(1-$E$275) -> 1450 | M102: =I102*(1-$C$277) -> 1542.5532
B103: Madeirado / Envidraçado Moeda OU Copo | C103: 2.2 | D103: X | E103: 1 | F103: X | G103: 0.78 | I103: ='Tabela Base Casa 7 Brasil'!I101*'Indices de Tabelas'!$C$2 -> 2293.1442 | J103: =ROUNDDOWN((I103*(1-$C$274)*(1-$E$274)*(1-$G$274)),0) -> 1552 | K103: =I103*(1-$C$275)*(1-$E$275) -> 1616.6667 | L103: =I103*(1-$C$276)*(1-$E$275) -> 1616.6667 | M103: =I103*(1-$C$277) -> 1719.8582
B104: Madeirado / Envidraçado Moeda OU Copo | C104: 2.4 | D104: X | E104: 1.2 | F104: X | G104: 0.78 | I104: ='Tabela Base Casa 7 Brasil'!I102*'Indices de Tabelas'!$C$2 -> 2467.4941 | J104: =ROUNDDOWN((I104*(1-$C$274)*(1-$E$274)*(1-$G$274)),0) -> 1670 | K104: =I104*(1-$C$275)*(1-$E$275) -> 1739.5833 | L104: =I104*(1-$C$276)*(1-$E$275) -> 1739.5833 | M104: =I104*(1-$C$277) -> 1850.6206
B105: Madeirado / Envidraçado Moeda OU Copo | C105: 2.6 | D105: X | E105: 1.2 | F105: X | G105: 0.78 | I105: ='Tabela Base Casa 7 Brasil'!I103*'Indices de Tabelas'!$C$2 -> 2697.9905 | J105: =ROUNDDOWN((I105*(1-$C$274)*(1-$E$274)*(1-$G$274)),0) -> 1826 | K105: =I105*(1-$C$275)*(1-$E$275) -> 1902.0833 | L105: =I105*(1-$C$276)*(1-$E$275) -> 1902.0833 | M105: =I105*(1-$C$277) -> 2023.4929
B106: Madeirado / Envidraçado Moeda OU Copo | C106: 2.6 | D106: X | E106: 1.2 | F106: X | G106: 0.78 | I106: ='Tabela Base Casa 7 Brasil'!I104*'Indices de Tabelas'!$C$2 -> 2993.4988 | J106: =ROUNDDOWN((I106*(1-$C$274)*(1-$E$274)*(1-$G$274)),0) -> 2026 | K106: =I106*(1-$C$275)*(1-$E$275) -> 2110.4167 | L106: =I106*(1-$C$276)*(1-$E$275) -> 2110.4167 | M106: =I106*(1-$C$277) -> 2245.1241
A108: 7MJT010 MESA DE JANTAR RAIZ
B109: Acabamento Tampo | C109: Larg. | E109: Prof. | G109: Alt. | I109: Tabela | J109: Antecipado | K109: Á Vista : 21+6% | L109: 30 Dias : 21+3% | M109: 60 Dias : 21%
B110: Madeirado / Envidraçado Reto | C110: 1.8 | D110: X | E110: 1 | F110: X | G110: 0.78 | I110: ='Tabela Base Casa 7 Brasil'!I108*'Indices de Tabelas'!$C$2 -> 1963.6525 | J110: =ROUNDDOWN((I110*(1-$C$274)*(1-$E$274)*(1-$G$274)),0) -> 1329 | K110: =I110*(1-$C$275)*(1-$E$275) -> 1384.375 | L110: =I110*(1-$C$276)*(1-$E$275) -> 1384.375 | M110: =I110*(1-$C$277) -> 1472.7394
B111: Madeirado / Envidraçado Reto | C111: 2 | D111: X | E111: 1 | F111: X | G111: 0.78 | I111: ='Tabela Base Casa 7 Brasil'!I109*'Indices de Tabelas'!$C$2 -> 2117.3168 | J111: =ROUNDDOWN((I111*(1-$C$274)*(1-$E$274)*(1-$G$274)),0) -> 1433 | K111: =I111*(1-$C$275)*(1-$E$275) -> 1492.7083 | L111: =I111*(1-$C$276)*(1-$E$275) -> 1492.7083 | M111: =I111*(1-$C$277) -> 1587.9876
B112: Madeirado / Envidraçado Reto | C112: 2.2 | D112: X | E112: 1 | F112: X | G112: 0.78 | I112: ='Tabela Base Casa 7 Brasil'!I110*'Indices de Tabelas'!$C$2 -> 2239.9527 | J112: =ROUNDDOWN((I112*(1-$C$274)*(1-$E$274)*(1-$G$274)),0) -> 1516 | K112: =I112*(1-$C$275)*(1-$E$275) -> 1579.1667 | L112: =I112*(1-$C$276)*(1-$E$275) -> 1579.1667 | M112: =I112*(1-$C$277) -> 1679.9645
...
